volume_id,series_id,volume_num,volume_name,year_start,year_end,fan_vol,num_from,vol_url
1,45,1,,1964,1965,1,,
2,8,1,,1938,2011,1,,
3,8,2,,2011,2016,2,,
4,8,3,,2016,,1,,
5,7,1,,1938,1983,1,93,
6,7,2,,2009,2010,2,,
7,7,3,,2010,2011,1,,
8,64,1,,1987,2006,1,,
9,94,1,,2023,2023,1,,
10,10,1,,1939,1948,1,,
11,17,1,,1941,1947,1,,
12,15,1,,1940,1978,1,,
13,55,1,,1981,1987,1,,
14,16,1,,1940,2011,1,,
15,16,2,,2011,2016,2,,
16,16,3,,2016,,3,,
17,82,1,,2009,2010,1,,
18,12,1,,1939,1950,1,,
19,12,2,,1955,1955,2,,
20,12,3,,1964,1965,3,,
21,12,4,,1965,1966,4,,
22,12,5,,1967,1968,5,,
23,12,6,,1986,1988,6,,
24,12,7,,2006,2009,7,,
25,12,8,,2011,2013,8,,
26,12,9,,2016,2018,9,,
27,12,10,,2023,2024,10,,
28,95,1,,2023,2023,1,,
29,60,1,,1986,1988,1,,
30,60,2,,2007,2011,2,,
31,24,1,,1942,1949,1,,
32,83,1,,2010,2011,1,,
33,20,1,,1941,1953,1,,
34,26,1,,1942,1953,1,,
35,27,1,,1942,1954,1,,
36,65,1,,1988,1989,1,,
37,58,1,,1985,1986,1,,
38,51,1,,1978,1986,1,,
39,56,1,,1983,1986,1,,
40,6,1,,1937,2011,1,,
41,6,2,,2011,2016,2,,
42,6,3,,2016,,1,,
43,13,1,,1940,1949,1,,
44,85,2,,2011,2011,1,,
45,46,1,,1971,1972,1,,
46,46,2,,1988,1988,2,,
47,92,1,,2021,2021,1,,
48,23,1,,1941,1949,1,,
49,23,2,,1960,1986,2,,
50,23,3,,1990,2004,3,,
51,23,4,,2005,2011,4,,
52,23,5,,2011,2016,5,,
53,23,6,,2021,2022,6,,
54,23,7,,2023,,7,,
55,70,1,,1998,1998,1,,
56,72,1,,1998,2000,1,,
57,61,1,,1986,1988,1,,
58,61,2,,2006,2011,2,,
59,61,3,,2011,2015,3,,
60,61,4,,2025,,4,,
61,68,1,,1992,1994,1,,
62,78,1,,2001,2001,1,,
63,79,1,,2005,2005,1,,
64,71,1,,1998,1998,1,,
65,75,1,,2000,2000,1,,
66,91,1,,2020,2020,1,,
67,76,1,,2000,2000,1,,
68,67,1,,1989,1990,1,,
69,67,2,Green Lantern: Emerald Dawn II,1991,1991,1,,
70,84,1,,2010,2011,1,,
71,87,1,,2011,2015,1,,
72,73,1,,1999,1999,1,,
73,88,1,,2016,2018,1,,
74,80,1,,2005,2006,1,,
75,89,1,,2016,2018,1,,
76,31,1,,1945,1947,1,,
77,37,1,,1951,1983,1,,
78,69,1,,1997,1998,1,,
79,74,1,,1999,1999,1,,
80,43,1,,1960,1987,1,,
81,18,1,,1941,1950,1,,
82,53,2,,1979,1987,2,,
83,59,1,,1986,1986,1,,
84,32,1,,1945,1948,1,,
85,62,1,,1987,1988,1,,
86,48,1,,1971,1978,1,,
87,48,2,,1989,1991,2,,
88,48,3,,1996,1996,3,,
89,48,4,,2017,2019,4,,
90,3,1,,1935,1947,1,95,
91,36,1,,1951,1981,1,,
92,9,1,,1939,1942,1,,
93,5,1,,1937,1938,1,94,
94,2,1,,1935,1936,1,,
95,1,1,,1935,1935,1,,
96,47,1,,1971,1978,1,,
97,47,2,,1984,1984,2,,
98,47,3,,1989,1991,3,,
99,47,4,,1995,1997,4,,
100,57,1,,1983,1986,1,,
101,57,2,,2006,2007,2,,
102,57,3,,2015,2016,3,,
103,77,1,,2000,2002,1,,
104,29,1,,1943,1956,1,,
105,29,2,,1966,1977,2,,
106,29,3,,1988,1989,3,,
107,29,4,,2004,2006,4,,
108,29,5,,2018,2019,5,,
109,21,1,,1941,1953,1,,
110,44,1,,1961,1974,1,,
111,44,2,,1986,1990,2,,
112,25,1,,1942,1952,1,,
113,40,1,,1956,1978,1,,
114,19,1,,1941,1952,1,,
115,35,1,,1950,1973,1,,
116,34,1,,1949,1977,1,,
117,50,1,,1976,1979,1,,
118,11,1,,1939,1986,1,,
119,11,2,,1987,2006,2,,
120,11,1.5,,2006,2011,1,,
121,11,3,,2011,2016,3,,
122,11,4,,2016,2018,4,,
123,11,5,,2018,2021,5,,
124,11,6,,2023,,6,,
125,93,1,,2021,2023,1,,
126,41,1,,1958,1974,1,,
127,38,1,,1954,1974,1,,
128,54,1,,1981,1981,1,,
129,30,1,,1944,1944,1,,
130,39,1,,1955,1983,1,,
131,4,1,,1936,1940,1,,
132,42,1,,1959,1985,1,43,
133,42,2,,1987,2009,2,,
134,42,3,,2010,2011,3,,
135,42,4,,2011,2016,4,,
136,42,5,,2016,2020,5,,
137,42,5.5,,2020,2023,1,,
138,42,6,,2023,,6,,
139,81,1,,2006,2007,1,,
140,90,1,The Green Lantern: Season One,2019,2019,1,,
141,90,2,The Green Lantern: Season Two,2020,2021,1,,
142,33,1,,1945,1954,1,,
143,66,1,,1988,1989,1,,
144,49,1,,1974,1982,1,,
145,86,1,,2011,2011,1,,
146,14,1,,1940,1953,1,,
147,28,1,,1942,1986,1,,
148,28,2,,1987,2006,2,,
149,28,3,,2006,2010,3,,
150,28,3.5,,2010,2011,1,,
151,28,4,,2011,2016,4,,
152,28,5,,2016,2020,5,,
153,28,5.5,,2020,2023,1,,
154,28,6,,2023,,6,,
155,52,1,,1979,1979,1,,
156,22,1,World's Finest Comics,1941,1985,1,,
157,63,1,,1987,1989,1,,
158,96,1,,2024,2024,1,,
159,97,1,,2006,2007,1,,
160,98,1,,1998,1998,1,,
161,64,2,,2013,2014,2,,
162,99,1,,1948,1952,1,10,
163,100,1,,1952,1966,1,,
164,101,1,,1951,1961,1,12,
165,101,2,,1970,1972,2,,
166,101,3,,2011,2014,3,,
167,51,2,,2004,2004,2,,
168,102,1,,1988,1989,1,,
169,39,2,,1991,1992,2,,
170,39,3,,2007,2010,3,,
171,103,1,,1999,2000,1,,
172,104,1,,2000,2000,1,,
173,105,1,,2009,2010,1,,
174,105,2,,2023,2025,2,,
175,106,1,,2018,2018,1,,
176,107,1,,2020,2020,1,,
177,108,1,,1987,1987,1,,
178,109,1,,1987,1989,1,,
179,110,1,,1983,1993,1,,
180,109,2,,1993,1994,1,,
181,111,1,,1989,1996,1,,
182,112,1,,1996,1996,1,,
183,113,1,,1997,2006,1,,
184,43,2,,2006,2011,1,,
185,108,2,,2011,2016,2,,
186,108,3,,2016,2018,3,,
187,108,4,,2018,2022,4,,
188,114,2,,2025,,2,,
189,43,3,,2013,2014,3,,
190,43,4,,2015,2017,4,,
191,109,3,,2011,2012,3,,
192,115,1,,1993,1996,1,,
193,116,1,,1990,1994,1,,
194,117,1,,2011,2015,1,,
195,117,2,,2018,2021,2,,
196,118,1,,1995,1996,1,,
197,119,1,,2004,2005,1,,
198,120,1,,2018,2020,1,,
199,53,3,,1984,1989,3,,
200,53,4,,1989,2000,4,,
201,53,5,,2005,2009,5,,
202,53,6,,2010,2011,6,,
203,53,7,,2011,2013,7,,
204,53,8,,2020,2021,8,,
205,121,1,,2001,2004,1,,
206,122,1,,2000,2001,1,,
207,122,2,,2011,2012,2,,
208,123,1,,1993,2000,1,,
209,36,2,,2006,2007,2,,
210,36,3,,2012,2012,3,,
211,124,2,,2004,2004,2,,
212,125,1,,2019,2019,1,,
213,44,3,,2014,2015,3,,
214,126,1,,1952,1953,1,,
215,127,1,,2014,2016,1,,
216,128,1,,1984,1985,1,,
217,129,1,,1993,1993,1,,
218,130,1,,1994,1994,1,,
219,131,1,,1995,1995,1,,
220,132,1,,1996,1996,1,,
221,128,2,,2017,2017,2,,
222,133,1,,2017,2017,1,,
223,134,1,,2018,2018,1,,
224,135,1,,2023,2023,1,,
225,136,1,,1952,1977,1,,
226,137,1,,1977,1982,1,,
227,137,2,,1988,1989,2,,
228,137,3,,1997,1997,3,,
229,137,4,,2008,2011,4,,
230,138,1,,1952,1987,1,,
231,138,2,,2010,2010,2,,
232,138,3,,2012,2013,3,,
233,22,2,,1990,1990,2,,
234,22,3,,1999,2000,3,,
235,139,1,,1993,1993,1,,
236,140,1,,2000,2000,1,,
237,141,1,,2003,2011,1,,
238,142,1,,2013,2016,1,,
239,142,2,,2019,2021,2,,
240,143,1,,2022,,1,,
241,144,1,,2023,2024,1,,
242,145,1,,2012,2015,1,,
243,146,1,,2024,2024,1,,
244,52,2,,1987,1988,2,,
245,52,3,,2022,2022,3,,
246,37,2,,2008,2011,2,,
247,34,2,,1980,1984,2,,
248,34,3,,1990,1992,3,,
249,34,4,,1994,2002,4,,
250,34,5,,2011,2011,5,,
251,34,6,,2011,2014,6,,
252,38,2,,2019,2020,2,,
253,59,2,,2018,2018,2,,
254,43,5,,2017,2018,5,,
255,81,2,,2022,2023,2,,
256,96,2,Batman/Santa Claus: Silent Knight Returns,2025,2025,1,,
257,85,1,,1999,2000,1,,
258,22,4,,2009,2010,4,,
259,114,1,,2004,2008,1,,
260,35,2,,1999,2000,2,,
261,35,3,,2009,2009,3,,
262,35,4,,2011,2011,4,,
263,35,5,,2020,2021,5,,
264,1210,1,,1999,1999,1,,
265,1210,2,,2000,2000,2,,
266,147,1,,1975,1976,1,,https://dc.fandom.com/wiki/1st_Issue_Special_Vol_1
267,148,1,,2007,2008,1,,https://dc.fandom.com/wiki/52_Aftermath:_The_Four_Horsemen_Vol_1
268,149,1,,1999,1999,1,,https://dc.fandom.com/wiki/A._Bizarro_Vol_1
269,150,1,,2024,,1,,https://dc.fandom.com/wiki/Absolute_Batman_Vol_1
270,151,1,,2025,,1,,https://dc.fandom.com/wiki/Absolute_Flash_Vol_1
271,152,1,,2025,,1,,https://dc.fandom.com/wiki/Absolute_Green_Lantern_Vol_1
272,153,1,,2025,,1,,https://dc.fandom.com/wiki/Absolute_Martian_Manhunter_Vol_1
273,154,1,,2024,2024,1,,https://dc.fandom.com/wiki/Absolute_Power_Vol_1
274,155,1,,2024,2024,1,,https://dc.fandom.com/wiki/Absolute_Power:_Origins_Vol_1
275,156,1,,2024,2024,1,,https://dc.fandom.com/wiki/Absolute_Power:_Task_Force_VII_Vol_1
276,157,1,,2025,,1,,https://dc.fandom.com/wiki/Absolute_Superman_Vol_1
277,158,1,,2024,,1,,https://dc.fandom.com/wiki/Absolute_Wonder_Woman_Vol_1
278,159,1,,1990,1990,1,,https://dc.fandom.com/wiki/Adam_Strange_Vol_1
279,159,2,,2004,2005,2,,https://dc.fandom.com/wiki/Adam_Strange_Vol_2
280,160,1,,1952,1959,1,,https://dc.fandom.com/wiki/Adventures_of_Rex_the_Wonder_Dog_Vol_1
281,161,1,,2018,2019,1,,https://dc.fandom.com/wiki/Adventures_of_the_Super_Sons_Vol_1
282,162,1,,2023,2024,1,,https://dc.fandom.com/wiki/Alan_Scott:_The_Green_Lantern_Vol_1
283,163,1,,2005,2008,1,,"https://dc.fandom.com/wiki/All_Star_Batman_and_Robin,_the_Boy_Wonder_Vol_1"
284,164,1,,2015,2016,1,,https://dc.fandom.com/wiki/All_Star_Section_Eight_Vol_1
285,165,1,,2006,2008,1,,https://dc.fandom.com/wiki/The_All-New_Atom_Vol_1
286,166,1,,1979,1980,1,,https://dc.fandom.com/wiki/All-Out_War_Vol_1
287,167,1,,2016,2017,1,,https://dc.fandom.com/wiki/All-Star_Batman_Vol_1
288,168,1,,2006,2008,1,,https://dc.fandom.com/wiki/All-Star_Superman_Vol_1
289,169,1,,2007,2007,1,,https://dc.fandom.com/wiki/Amazons_Attack_Vol_1
290,169,2,,2023,2024,2,,https://dc.fandom.com/wiki/Amazons_Attack_Vol_2
291,170,1,,1985,1985,1,,https://dc.fandom.com/wiki/Ambush_Bug_Vol_1
292,171,1,,2008,2009,1,,https://dc.fandom.com/wiki/Ambush_Bug:_Year_None_Vol_1
293,172,1,,1985,1985,1,,https://dc.fandom.com/wiki/America_vs._the_Justice_Society_Vol_1
294,173,2,,1985,1986,2,,https://dc.fandom.com/wiki/Amethyst_Vol_2
295,173,3,,1987,1988,3,,https://dc.fandom.com/wiki/Amethyst_Vol_3
296,173,4,,2020,2021,4,,https://dc.fandom.com/wiki/Amethyst_Vol_4
297,173,1,"Amethyst, Princess of Gemworld",1983,1984,1,,"https://dc.fandom.com/wiki/Amethyst,_Princess_of_Gemworld_Vol_1"
298,174,1,,1997,1997,1,,https://dc.fandom.com/wiki/Anarky_Vol_1
299,174,2,,1999,1999,2,,https://dc.fandom.com/wiki/Anarky_Vol_2
300,175,1,,1994,1995,1,,https://dc.fandom.com/wiki/Anima_Vol_1
301,176,1,,1988,1995,1,,https://dc.fandom.com/wiki/Animal_Man_Vol_1
302,176,2,,2011,2014,2,,https://dc.fandom.com/wiki/Animal_Man_Vol_2
303,177,1,,1962,1978,1,,https://dc.fandom.com/wiki/Aquaman_Vol_1
304,177,2,,1986,1986,2,,https://dc.fandom.com/wiki/Aquaman_Vol_2
305,177,3,,1989,1989,3,,https://dc.fandom.com/wiki/Aquaman_Vol_3
306,177,4,,1991,1992,4,,https://dc.fandom.com/wiki/Aquaman_Vol_4
307,177,5,,1994,2001,5,,https://dc.fandom.com/wiki/Aquaman_Vol_5
308,177,6,,2003,2007,6,,https://dc.fandom.com/wiki/Aquaman_Vol_6
309,177,7,,2011,2016,7,,https://dc.fandom.com/wiki/Aquaman_Vol_7
310,177,8,,2016,2021,8,,https://dc.fandom.com/wiki/Aquaman_Vol_8
311,177,9,,2025,,9,,https://dc.fandom.com/wiki/Aquaman_Vol_9
312,178,1,,2022,2022,1,,https://dc.fandom.com/wiki/Aquaman_&_The_Flash:_Voidsong_Vol_1
313,179,1,,2014,2015,1,,https://dc.fandom.com/wiki/Aquaman_and_the_Others_Vol_1
314,180,1,,2019,2020,1,,https://dc.fandom.com/wiki/Aquaman_Giant_Vol_1
315,181,1,,1998,2003,1,,https://dc.fandom.com/wiki/Aquaman_Secret_Files_and_Origins_Vol_1
316,182,1,,2021,2022,1,,https://dc.fandom.com/wiki/Aquaman/Green_Arrow:_Deep_Target_Vol_1
317,183,1,,2022,2022,1,,https://dc.fandom.com/wiki/Aquaman:_Andromeda_Vol_1
318,184,1,,2006,2007,1,,https://dc.fandom.com/wiki/Aquaman:_Sword_of_Atlantis_Vol_1
319,185,1,,2021,2022,1,,https://dc.fandom.com/wiki/Aquaman:_The_Becoming_Vol_1
320,186,1,,1993,1994,1,,https://dc.fandom.com/wiki/Aquaman:_Time_and_Tide_Vol_1
321,187,1,,2022,2022,1,,https://dc.fandom.com/wiki/Aquamen_Vol_1
322,188,1,,1981,1985,1,,https://dc.fandom.com/wiki/Arak:_Son_of_Thunder_Vol_1
323,189,1,,1995,1995,1,,https://dc.fandom.com/wiki/Argus_Vol_1
324,190,1,,1982,1985,1,,https://dc.fandom.com/wiki/Arion_Lord_of_Atlantis_Vol_1
325,191,1,,1992,1992,1,,https://dc.fandom.com/wiki/Arion_the_Immortal_Vol_1
326,192,1,,2003,2003,1,,https://dc.fandom.com/wiki/Arkham_Asylum:_Living_Hell_Vol_1
327,193,1,,2021,2022,1,,https://dc.fandom.com/wiki/Arkham_City:_The_Order_of_the_World_Vol_1
328,194,1,,2014,2015,1,,https://dc.fandom.com/wiki/Arkham_Manor_Vol_1
329,195,1,,2009,2010,1,,https://dc.fandom.com/wiki/Arkham_Reborn_Vol_1
330,196,1,,1991,1991,1,,https://dc.fandom.com/wiki/Armageddon_2001_Vol_1
331,197,1,,1992,1992,1,,https://dc.fandom.com/wiki/Armageddon:_Inferno_Vol_1
332,198,1,,1991,1992,1,,https://dc.fandom.com/wiki/Armageddon:_The_Alien_Agenda_Vol_1
333,199,1,,1998,1999,1,,https://dc.fandom.com/wiki/Arsenal_Vol_1
334,200,1,,1996,1996,1,,https://dc.fandom.com/wiki/Artemis:_Requiem_Vol_1
335,201,1,,1990,1990,1,,https://dc.fandom.com/wiki/Atlantis_Chronicles_Vol_1
336,202,1,,1993,1995,1,,https://dc.fandom.com/wiki/The_Atom_Special_Vol_1
337,203,1,,1962,2010,1,,https://dc.fandom.com/wiki/The_Atom_Vol_1
338,204,1,,1999,2002,1,,https://dc.fandom.com/wiki/The_Authority_Vol_1
339,204,2,,2003,2004,2,,https://dc.fandom.com/wiki/The_Authority_Vol_2
340,204,3,,2006,2007,3,,https://dc.fandom.com/wiki/The_Authority_Vol_3
341,204,4,,2008,2011,4,,https://dc.fandom.com/wiki/The_Authority_Vol_4
342,205,1,,2010,2010,1,,https://dc.fandom.com/wiki/The_Authority:_More_Kev_Vol_1
343,206,1,,2005,2006,1,,https://dc.fandom.com/wiki/The_Authority:_Prime_Vol_1
344,207,1,,2004,2004,1,,https://dc.fandom.com/wiki/The_Authority:_Revolution_Vol_1
345,208,1,,2007,2008,1,,https://dc.fandom.com/wiki/The_Authority:_The_Lost_Year_Vol_1
346,209,1,,2004,2005,1,,https://dc.fandom.com/wiki/The_Authority:_The_Magnificent_Kevin_Vol_1
347,210,1,,2003,2003,1,,https://dc.fandom.com/wiki/Avengers/JLA_Vol_1
348,211,1,,1995,2003,1,,https://dc.fandom.com/wiki/Azrael_Vol_1
349,211,2,,2009,2011,2,,https://dc.fandom.com/wiki/Azrael_Vol_2
350,212,1,,2009,2009,1,,https://dc.fandom.com/wiki/Azrael:_Death's_Dark_Knight_Vol_1
351,213,1,,1996,1997,1,,https://dc.fandom.com/wiki/Aztek:_The_Ultimate_Man_Vol_1
352,214,1,,2017,2018,1,,https://dc.fandom.com/wiki/Bane:_Conquest_Vol_1
353,215,1,,1968,1969,1,,https://dc.fandom.com/wiki/Bat_Lash_Vol_1
354,215,2,,2008,2008,2,,https://dc.fandom.com/wiki/Bat_Lash_Vol_2
355,216,1,,2000,2006,1,,https://dc.fandom.com/wiki/Batgirl_Vol_1
356,216,2,,2008,2009,2,,https://dc.fandom.com/wiki/Batgirl_Vol_2
357,216,3,,2009,2011,3,,https://dc.fandom.com/wiki/Batgirl_Vol_3
358,216,4,,2011,2016,4,,https://dc.fandom.com/wiki/Batgirl_Vol_4
359,216,5,,2016,2020,5,,https://dc.fandom.com/wiki/Batgirl_Vol_5
360,216,6,,2025,,6,,https://dc.fandom.com/wiki/Batgirl_Vol_6
361,217,1,,2016,2018,1,,https://dc.fandom.com/wiki/Batgirl_and_the_Birds_of_Prey_Vol_1
362,218,1,,2003,2003,1,,https://dc.fandom.com/wiki/Batgirl:_Year_One_Vol_1
363,219,1,,2022,2023,1,,https://dc.fandom.com/wiki/Batgirls_Vol_1
364,220,1,,2015,2016,1,,https://dc.fandom.com/wiki/Batman_&_Robin_Eternal_Vol_1
365,221,1,,2024,,1,,https://dc.fandom.com/wiki/Batman_&_Robin:_Year_One_Vol_1
366,222,1,,2023,2023,1,,https://dc.fandom.com/wiki/Batman_&_The_Joker:_The_Deadly_Duo_Vol_1
367,223,1,,1943,1991,,,https://dc.fandom.com/wiki/Batman_(comic_strip)
368,224,1,,1998,2000,1,,https://dc.fandom.com/wiki/Batman_80-Page_Giant_Vol_1
369,225,1,,2009,2011,1,,https://dc.fandom.com/wiki/Batman_and_Robin_Vol_1
370,225,2,,2011,2015,2,,https://dc.fandom.com/wiki/Batman_and_Robin_Vol_2
371,225,3,,2023,,3,,https://dc.fandom.com/wiki/Batman_and_Robin_Vol_3
372,226,1,,2006,2007,1,,https://dc.fandom.com/wiki/Batman_and_the_Mad_Monk_Vol_1
373,227,1,,2006,2006,1,,https://dc.fandom.com/wiki/Batman_and_the_Monster_Men_Vol_1
374,228,1,,1983,1987,1,,https://dc.fandom.com/wiki/Batman_and_the_Outsiders_Vol_1
375,228,2,,2007,2011,2,,https://dc.fandom.com/wiki/Batman_and_the_Outsiders_Vol_2
376,228,3,,2019,2020,3,,https://dc.fandom.com/wiki/Batman_and_the_Outsiders_Vol_3
377,229,1,,2018,2018,1,,https://dc.fandom.com/wiki/Batman_and_the_Signal_Vol_1
378,230,1,,1997,1997,1,,https://dc.fandom.com/wiki/Batman_and_Wildcat_Vol_1
379,231,1,,1999,1999,1,,https://dc.fandom.com/wiki/Batman_Beyond_Vol_1
380,231,2,,1999,2001,2,,https://dc.fandom.com/wiki/Batman_Beyond_Vol_2
381,231,3,,2010,2011,3,,https://dc.fandom.com/wiki/Batman_Beyond_Vol_3
382,231,4,,2011,2011,4,,https://dc.fandom.com/wiki/Batman_Beyond_Vol_4
383,231,5,,2015,2016,5,,https://dc.fandom.com/wiki/Batman_Beyond_Vol_5
384,231,6,,2016,2021,6,,https://dc.fandom.com/wiki/Batman_Beyond_Vol_6
385,232,1,,2013,2015,1,,https://dc.fandom.com/wiki/Batman_Beyond_Universe_Vol_1
386,233,1,,2012,2013,1,,https://dc.fandom.com/wiki/Batman_Beyond_Unlimited_Vol_1
387,234,1,,2023,2024,1,,https://dc.fandom.com/wiki/Batman_Beyond:_Neo-Gothic_Vol_1
388,235,1,,2022,2022,1,,https://dc.fandom.com/wiki/Batman_Beyond:_Neo-Year_Vol_1
389,263,1.5,Batman Black and White,2013,2014,1,,https://dc.fandom.com/wiki/Batman_Black_and_White_Vol_1
390,236,1,,1995,2001,1,,https://dc.fandom.com/wiki/Batman_Chronicles_Vol_1
391,237,1,,2007,2011,1,,https://dc.fandom.com/wiki/Batman_Confidential_Vol_1
392,238,1,,2014,2015,1,,https://dc.fandom.com/wiki/Batman_Eternal_Vol_1
393,239,1,,1975,1978,1,,https://dc.fandom.com/wiki/Batman_Family_Vol_1
394,240,1,,2018,2019,1,,https://dc.fandom.com/wiki/Batman_Giant_Vol_1
395,240,2,,2019,2020,2,,https://dc.fandom.com/wiki/Batman_Giant_Vol_2
396,241,1,,2011,2011,1,,https://dc.fandom.com/wiki/Batman_Incorporated_Vol_1
397,241,2,,2012,2013,2,,https://dc.fandom.com/wiki/Batman_Incorporated_Vol_2
398,241,3,,2022,2023,3,,https://dc.fandom.com/wiki/Batman_Incorporated_Vol_3
399,242,1,,2018,2022,1,,https://dc.fandom.com/wiki/Batman_Secret_Files_Vol_1
400,243,1,,1998,2005,1,,https://dc.fandom.com/wiki/Batman_Villains_Secret_Files_and_Origins_Vol_1
401,244,1,,2019,2021,1,,https://dc.fandom.com/wiki/Batman_vs._Ra's_al_Ghul_Vol_1
402,245,1,,2022,2023,1,,https://dc.fandom.com/wiki/Batman_vs._Robin_Vol_1
403,246,1,,2022,2022,1,,https://dc.fandom.com/wiki/Batman_White_Knight_Presents:_Red_Hood_Vol_1
404,247,2,,2019,2019,2,,https://dc.fandom.com/wiki/The_Batman_Who_Laughs_Vol_2
405,248,1,,2021,2022,1,,https://dc.fandom.com/wiki/Batman/Catwoman_Vol_1
406,249,1,,2004,2004,1,,https://dc.fandom.com/wiki/Batman/Catwoman:_Trail_of_the_Gun_Vol_1
407,250,1,,2002,2002,1,,https://dc.fandom.com/wiki/Batman/Deathblow:_After_the_Fire_Vol_1
408,251,1,,2000,2000,1,,https://dc.fandom.com/wiki/Batman/Huntress:_Cry_for_Blood_Vol_1
409,252,1,,2007,2007,1,,https://dc.fandom.com/wiki/Batman/Lobo:_Deadly_Serious_Vol_1
410,253,1,,2003,2003,1,,https://dc.fandom.com/wiki/Batman/Superman/Wonder_Woman:_Trinity_Vol_1
411,254,1,,2018,2020,1,,https://dc.fandom.com/wiki/Batman/The_Maxx:_Arkham_Dreams_Vol_1
412,255,1,,2017,2017,1,,https://dc.fandom.com/wiki/Batman/The_Shadow_Vol_1
413,256,1,,2011,2011,1,,https://dc.fandom.com/wiki/Batman:_Arkham_City_Vol_1
414,257,1,,2015,2016,1,,https://dc.fandom.com/wiki/Batman:_Arkham_Knight_Vol_1
415,258,1,,2015,2016,1,,https://dc.fandom.com/wiki/Batman:_Arkham_Knight_-_Genesis_Vol_1
416,259,1,,2012,2014,1,,https://dc.fandom.com/wiki/Batman:_Arkham_Unhinged_Vol_1
417,260,1,,1998,1998,1,,https://dc.fandom.com/wiki/Batman:_Bane_of_the_Demon_Vol_1
418,261,1,,2009,2009,1,,https://dc.fandom.com/wiki/Batman:_Battle_for_the_Cowl_Vol_1
419,262,1,,2022,2023,1,,https://dc.fandom.com/wiki/Batman:_Beyond_the_White_Knight_Vol_1
420,263,1,,1996,1996,1,,https://dc.fandom.com/wiki/Batman:_Black_and_White_Vol_1
421,263,2,,2021,2021,2,,https://dc.fandom.com/wiki/Batman:_Black_and_White_Vol_2
422,264,1,,1999,1999,1,,https://dc.fandom.com/wiki/Batman:_Book_of_the_Dead_Vol_1
423,265,1,,2009,2009,1,,https://dc.fandom.com/wiki/Batman:_Cacophony_Vol_1
424,266,1,,2003,2004,1,,https://dc.fandom.com/wiki/Batman:_City_of_Light_Vol_1
425,267,1,,2023,2024,1,,https://dc.fandom.com/wiki/Batman:_City_of_Madness_Vol_1
426,268,1,,2019,2019,1,,https://dc.fandom.com/wiki/Batman:_Creature_of_the_Night_Vol_1
427,269,1,,2019,2020,1,,https://dc.fandom.com/wiki/Batman:_Curse_of_the_White_Knight_Vol_1
428,270,1,,2004,2004,1,,https://dc.fandom.com/wiki/Batman:_Cyber_Revolution_Vol_1
429,271,1,,2018,2019,1,,https://dc.fandom.com/wiki/Batman:_Damned_Vol_1
430,272,1,,2024,2025,1,,https://dc.fandom.com/wiki/Batman:_Dark_Age_Vol_1
431,273,1,,2005,2005,1,,https://dc.fandom.com/wiki/Batman:_Dark_Detective_Vol_1
432,274,1,,1998,1999,1,,https://dc.fandom.com/wiki/Batman:_Dark_Knight_of_the_Round_Table_Vol_1
433,275,1,,2025,,1,,https://dc.fandom.com/wiki/Batman:_Dark_Patterns_Vol_1
434,276,1,,2002,2002,1,,https://dc.fandom.com/wiki/Batman:_Dark_Tomorrow_Vol_1
435,277,1,,1999,2000,1,,https://dc.fandom.com/wiki/Batman:_Dark_Victory_Vol_1
436,278,1,,2003,2004,1,,https://dc.fandom.com/wiki/Batman:_Death_and_the_Maidens_Vol_1
437,279,1,,2008,2008,1,,https://dc.fandom.com/wiki/Batman:_Death_Mask_Vol_1
438,280,1,,2012,2021,1,,https://dc.fandom.com/wiki/Batman:_Earth_One_Vol_1
439,281,1,,2016,2016,1,,https://dc.fandom.com/wiki/Batman:_Europa_Vol_1
440,282,1,,2002,2003,1,,https://dc.fandom.com/wiki/Batman:_Family_Vol_1
441,283,1,,2024,2024,1,,https://dc.fandom.com/wiki/The_Bat-Man:_First_Knight_Vol_1
442,284,1,,2022,2023,1,,https://dc.fandom.com/wiki/Batman:_Fortress_Vol_1
443,285,1,,2024,2025,1,,https://dc.fandom.com/wiki/Batman:_Full_Moon_Vol_1
444,286,1,,2023,,1,,https://dc.fandom.com/wiki/Batman:_Gargoyle_of_Gotham_Vol_1
445,287,1,,2011,2011,1,,https://dc.fandom.com/wiki/Batman:_Gates_of_Gotham_Vol_1
446,288,1,,1996,1996,1,,https://dc.fandom.com/wiki/Batman:_GCPD_Vol_1
447,289,1,,1998,1998,1,,https://dc.fandom.com/wiki/Batman:_Gordon_of_Gotham_Vol_1
448,290,1,,1996,1997,1,,https://dc.fandom.com/wiki/Batman:_Gordon's_Law_Vol_1
449,291,1,,1998,2003,1,,https://dc.fandom.com/wiki/Batman:_Gotham_Adventures_Vol_1
450,292,1,,2008,2009,1,,https://dc.fandom.com/wiki/Batman:_Gotham_After_Midnight_Vol_1
451,293,1,,2024,2025,1,,https://dc.fandom.com/wiki/Batman:_Gotham_by_Gaslight:_The_Kryptonian_Age_Vol_1
452,294,1,,2005,2005,1,,https://dc.fandom.com/wiki/Batman:_Gotham_County_Line_Vol_1
453,295,1,,2000,2006,1,,https://dc.fandom.com/wiki/Batman:_Gotham_Knights_Vol_1
454,296,1,,2022,2023,1,,https://dc.fandom.com/wiki/Batman:_Gotham_Knights_-_Gilded_City_Vol_1
455,297,1,,1992,1992,1,,https://dc.fandom.com/wiki/Batman:_Gotham_Nights_Vol_1
456,297,2,Batman: Gotham Nights II,1995,1995,1,,https://dc.fandom.com/wiki/Batman:_Gotham_Nights_II_Vol_1
457,298,1,,2004,2004,1,,https://dc.fandom.com/wiki/Batman:_Harley_and_Ivy_Vol_1
458,299,1,,2000,2000,1,,https://dc.fandom.com/wiki/Batman:_Haunted_Gotham_Vol_1
459,300,1,,2001,2001,1,,https://dc.fandom.com/wiki/Batman:_Hollywood_Knight_Vol_1
460,301,1,,2000,2000,1,,https://dc.fandom.com/wiki/Batman:_It's_Joker_Time_Vol_1
461,302,1,,2005,2005,1,,https://dc.fandom.com/wiki/Batman:_Jekyll_and_Hyde_Vol_1
462,303,1,,2005,2006,1,,https://dc.fandom.com/wiki/Batman:_Journey_Into_Knight_Vol_1
463,304,1,,2023,2025,1,,https://dc.fandom.com/wiki/Batman:_Justice_Buster_Vol_1
464,305,1,,2022,2022,1,,https://dc.fandom.com/wiki/Batman:_Killing_Time_Vol_1
465,306,1,,2018,2019,1,,https://dc.fandom.com/wiki/Batman:_Kings_of_Fear_Vol_1
466,307,1,,2022,2023,1,,https://dc.fandom.com/wiki/Batman:_Knightwatch_Vol_1
467,308,1,,2019,2020,1,,https://dc.fandom.com/wiki/Batman:_Last_Knight_on_Earth_Vol_1
468,309,1,,2001,2001,1,,https://dc.fandom.com/wiki/Batman:_League_of_Batmen_Vol_1
469,310,1,,1989,2007,1,,https://dc.fandom.com/wiki/Batman:_Legends_of_the_Dark_Knight_Vol_1
470,311,1,,1995,1995,1,,https://dc.fandom.com/wiki/Batman:_Legends_of_the_Dark_Knight_-_Jazz_Vol_1
471,312,1,,1995,1995,1,,https://dc.fandom.com/wiki/Batman:_Manbat_Vol_1
472,313,1,,2003,2003,1,,https://dc.fandom.com/wiki/Batman:_Nevermore_Vol_1
473,314,1,,1999,1999,1,,https://dc.fandom.com/wiki/Batman:_No_Man's_Land_Vol_1
474,315,1,,2010,2011,1,,https://dc.fandom.com/wiki/Batman:_Odyssey_Vol_1
475,315,2,,2011,2012,2,,https://dc.fandom.com/wiki/Batman:_Odyssey_Vol_2
476,316,1,,2024,2025,1,,https://dc.fandom.com/wiki/Batman:_Off-World_Vol_1
477,317,1,,2022,2023,1,,https://dc.fandom.com/wiki/Batman:_One_Bad_Day_Vol_1
478,318,1,,2022,2022,1,,https://dc.fandom.com/wiki/Batman:_One_Dark_Knight_Vol_1
479,319,1,,2011,2011,1,,https://dc.fandom.com/wiki/Batman:_Orphans_Vol_1
480,320,1,,2001,2002,1,,https://dc.fandom.com/wiki/Batman:_Orpheus_Rising_Vol_1
481,321,1,,2000,2000,1,,https://dc.fandom.com/wiki/Batman:_Outlaws_Vol_1
482,322,1,,2021,2022,1,,https://dc.fandom.com/wiki/Batman:_Reptilian_Vol_1
483,323,1,,1992,1992,1,,"https://dc.fandom.com/wiki/Batman:_Run,_Riddler,_Run_Vol_1"
484,324,1,,2006,2006,1,,https://dc.fandom.com/wiki/Batman:_Secrets_Vol_1
485,325,1,,1992,2000,1,,https://dc.fandom.com/wiki/Batman:_Shadow_of_the_Bat_Vol_1
486,326,1,,2018,2018,1,,https://dc.fandom.com/wiki/Batman:_Sins_of_the_Father_Vol_1
487,327,1,,2009,2011,1,,https://dc.fandom.com/wiki/Batman:_Streets_of_Gotham_Vol_1
488,328,1,,1992,1993,1,,https://dc.fandom.com/wiki/Batman:_Sword_of_Azrael_Vol_1
489,329,1,,2003,2003,1,,https://dc.fandom.com/wiki/Batman:_Tenses_Vol_1
490,330,1,,2020,2021,1,,https://dc.fandom.com/wiki/Batman:_The_Adventures_Continue_Vol_1
491,330,3,Batman: The Adventures Continue Season Three,2023,2023,1,,https://dc.fandom.com/wiki/Batman:_The_Adventures_Continue_Season_Three_Vol_1
492,330,2,Batman: The Adventures Continue Season Two,2021,2022,1,,https://dc.fandom.com/wiki/Batman:_The_Adventures_Continue_Season_Two_Vol_1
493,331,1,,2001,2001,1,,https://dc.fandom.com/wiki/Batman:_The_Ankh_Vol_1
494,332,1,,2022,2023,1,,https://dc.fandom.com/wiki/Batman:_The_Audio_Adventures_Vol_1
495,333,1,,1988,1988,1,,https://dc.fandom.com/wiki/Batman:_The_Cult_Vol_1
496,334,1,,2011,2011,1,,https://dc.fandom.com/wiki/Batman:_The_Dark_Knight_Vol_1
497,334,2,,2011,2014,2,,https://dc.fandom.com/wiki/Batman:_The_Dark_Knight_Vol_2
498,335,1,,1986,1986,1,,https://dc.fandom.com/wiki/Batman:_The_Dark_Knight_Returns_Vol_1
499,336,1,,2018,2018,1,,https://dc.fandom.com/wiki/Batman:_The_Dark_Prince_Charming_Vol_1
500,337,1,,2021,2022,1,,https://dc.fandom.com/wiki/Batman:_The_Detective_Vol_1
501,338,1,,2000,2001,1,,https://dc.fandom.com/wiki/Batman:_The_Doom_That_Came_to_Gotham_Vol_1
502,339,1,,2021,2022,1,,https://dc.fandom.com/wiki/Batman:_The_Imposter_Vol_1
503,340,1,,2022,2022,1,,https://dc.fandom.com/wiki/Batman:_The_Knight_Vol_1
504,341,1,,1996,1997,1,,https://dc.fandom.com/wiki/Batman:_The_Long_Halloween_Vol_1
505,341,2,Batman: The Long Halloween - The Last Halloween,2024,,1,,https://dc.fandom.com/wiki/Batman:_The_Long_Halloween_-_The_Last_Halloween_Vol_1
506,342,1,,2010,2010,1,,https://dc.fandom.com/wiki/Batman:_The_Return_of_Bruce_Wayne_Vol_1
507,343,1,,1995,1995,1,,https://dc.fandom.com/wiki/Batman:_The_Ultimate_Evil_Vol_1
508,344,1,,2020,2020,1,,https://dc.fandom.com/wiki/Batman:_Three_Jokers_Vol_1
509,345,1,,1998,1999,1,,https://dc.fandom.com/wiki/Batman:_Toyman_Vol_1
510,346,1,,2001,2001,1,,https://dc.fandom.com/wiki/Batman:_Turning_Points_Vol_1
511,347,1,,1993,1994,1,,https://dc.fandom.com/wiki/Batman:_Two-Face_Strikes_Twice_Vol_1
512,348,1,,2019,2020,1,,https://dc.fandom.com/wiki/Batman:_Universe_Vol_1
513,349,1,,2009,2010,1,,https://dc.fandom.com/wiki/Batman:_Unseen_Vol_1
514,350,1,,2021,2023,1,,https://dc.fandom.com/wiki/Batman:_Urban_Legends_Vol_1
515,351,1,,1993,1995,1,,https://dc.fandom.com/wiki/Batman:_Vengeance_of_Bane_Vol_1
516,352,1,,2017,2018,1,,https://dc.fandom.com/wiki/Batman:_White_Knight_Vol_1
517,353,1,,2020,2021,1,,https://dc.fandom.com/wiki/Batman:_White_Knight_Presents_Harley_Quinn_Vol_1
518,354,1,,2023,2023,1,,https://dc.fandom.com/wiki/Batman:_White_Knight_Presents:_Generation_Joker_Vol_1
519,355,1,,2009,2010,1,,https://dc.fandom.com/wiki/Batman:_Widening_Gyre_Vol_1
520,356,1,,2006,2006,1,,https://dc.fandom.com/wiki/Batman:_Year_100_Vol_1
521,357,1,,2019,2021,1,,https://dc.fandom.com/wiki/The_Batman's_Grave_Vol_1
522,358,1,,2015,2016,1,,https://dc.fandom.com/wiki/Bat-Mite_Vol_1
523,359,1,,2006,2006,1,,https://dc.fandom.com/wiki/Battle_for_Blüdhaven_Vol_1
524,360,1,,2011,2014,1,,https://dc.fandom.com/wiki/Batwing_Vol_1
525,361,1,,2011,2011,1,,https://dc.fandom.com/wiki/Batwoman_Vol_1
526,361,2,,2011,2015,2,,https://dc.fandom.com/wiki/Batwoman_Vol_2
527,361,3,,2017,2018,3,,https://dc.fandom.com/wiki/Batwoman_Vol_3
528,362,1,,2000,2000,1,,https://dc.fandom.com/wiki/Beast_Boy_Vol_1
529,363,1,,2012,2013,1,,https://dc.fandom.com/wiki/Before_Watchmen_Vol_1
530,364,1,,2012,2013,1,,https://dc.fandom.com/wiki/Before_Watchmen:_Comedian_Vol_1
531,365,1,,2012,2013,1,,https://dc.fandom.com/wiki/Before_Watchmen:_Doctor_Manhattan_Vol_1
532,366,1,,2012,2013,1,,https://dc.fandom.com/wiki/Before_Watchmen:_Minutemen_Vol_1
533,367,1,,2013,2013,1,,https://dc.fandom.com/wiki/Before_Watchmen:_Moloch_Vol_1
534,368,1,,2012,2013,1,,https://dc.fandom.com/wiki/Before_Watchmen:_Nite_Owl_Vol_1
535,369,1,,2012,2012,1,,https://dc.fandom.com/wiki/Before_Watchmen:_Ozymandias_Vol_1
536,370,1,,2012,2013,1,,https://dc.fandom.com/wiki/Before_Watchmen:_Rorschach_Vol_1
537,371,1,,2012,2012,1,,https://dc.fandom.com/wiki/Before_Watchmen:_Silk_Spectre_Vol_1
538,372,1,,1968,1969,1,,https://dc.fandom.com/wiki/Beware_the_Creeper_Vol_1
539,372,2,,2003,2003,2,,https://dc.fandom.com/wiki/Beware_the_Creeper_Vol_2
540,373,1,,2008,2010,1,,https://dc.fandom.com/wiki/Billy_Batson_and_the_Magic_of_Shazam!_Vol_1
541,374,1,,1999,2009,1,,https://dc.fandom.com/wiki/Birds_of_Prey_Vol_1
542,374,2,,2010,2011,2,,https://dc.fandom.com/wiki/Birds_of_Prey_Vol_2
543,374,3,,2011,2014,3,,https://dc.fandom.com/wiki/Birds_of_Prey_Vol_3
544,374,4,,2020,2020,4,,https://dc.fandom.com/wiki/Birds_of_Prey_Vol_4
545,374,5,,2023,,5,,https://dc.fandom.com/wiki/Birds_of_Prey_Vol_5
546,375,1,,1996,1996,1,,https://dc.fandom.com/wiki/Birds_of_Prey:_Manhunt_Vol_1
547,376,1,,2015,2016,1,,https://dc.fandom.com/wiki/Bizarro_Vol_1
548,377,1,,2022,2023,1,,https://dc.fandom.com/wiki/Black_Adam_Vol_1
549,378,1,,2007,2008,1,,https://dc.fandom.com/wiki/Black_Adam:_The_Dark_Age_Vol_1
550,379,1,,2022,2022,1,,https://dc.fandom.com/wiki/Black_Adam:_The_Justice_Society_Files_Vol_1
551,380,1,,1991,1992,1,,https://dc.fandom.com/wiki/Black_Canary_Vol_1
552,380,2,,1993,1993,2,,https://dc.fandom.com/wiki/Black_Canary_Vol_2
553,380,3,,2007,2007,3,,https://dc.fandom.com/wiki/Black_Canary_Vol_3
554,380,4,,2015,2016,4,,https://dc.fandom.com/wiki/Black_Canary_Vol_4
555,381,1,,2025,2025,1,,https://dc.fandom.com/wiki/Black_Canary:_Best_of_the_Best_Vol_1
556,382,1,,1992,1993,1,,https://dc.fandom.com/wiki/Black_Condor_Vol_1
557,383,1,,1977,1978,1,,https://dc.fandom.com/wiki/Black_Lightning_Vol_1
558,383,2,,1995,1996,2,,https://dc.fandom.com/wiki/Black_Lightning_Vol_2
559,383,3,,2025,2025,3,,https://dc.fandom.com/wiki/Black_Lightning_Vol_3
560,384,1,,2018,2018,1,,https://dc.fandom.com/wiki/Black_Lightning:_Cold_Dead_Hands_Vol_1
561,385,1,,2009,2009,1,,https://dc.fandom.com/wiki/Black_Lightning:_Year_One_Vol_1
562,386,1,,2021,2022,1,,https://dc.fandom.com/wiki/Black_Manta_Vol_1
563,387,1,,1988,1989,1,,https://dc.fandom.com/wiki/Black_Orchid_Vol_1
564,387,2,,1993,1995,2,,https://dc.fandom.com/wiki/Black_Orchid_Vol_2
565,388,1,,1944,1984,1,1687,https://dc.fandom.com/wiki/Blackhawk_Vol_1
566,388,2,,1988,1988,2,,https://dc.fandom.com/wiki/Blackhawk_Vol_2
567,388,3,,1989,1990,3,,https://dc.fandom.com/wiki/Blackhawk_Vol_3
568,389,1,,2011,2012,1,,https://dc.fandom.com/wiki/Blackhawks_Vol_1
569,390,1,,1993,1994,1,,https://dc.fandom.com/wiki/Blackmask_Vol_1
570,391,1,,2005,2006,1,,https://dc.fandom.com/wiki/Blood_of_the_Demon_Vol_1
571,392,1,,1995,1995,1,,https://dc.fandom.com/wiki/Blood_Pack_Vol_1
572,393,1,,1993,1993,1,,https://dc.fandom.com/wiki/Bloodbath_Vol_1
573,394,1,,2004,2005,1,,https://dc.fandom.com/wiki/Bloodhound_Vol_1
574,395,1,,2016,2016,1,,https://dc.fandom.com/wiki/Bloodlines_Vol_1
575,396,1,,2021,2022,1,,https://dc.fandom.com/wiki/Blue_&_Gold_Vol_1
576,397,1,,1984,1986,1,,https://dc.fandom.com/wiki/Blue_Devil_Vol_1
577,398,1,,1995,1995,1,,"https://dc.fandom.com/wiki/Bob,_the_Galactic_Bum_Vol_1"
578,399,1,,1999,2000,1,,https://dc.fandom.com/wiki/Body_Doubles_Vol_1
579,400,1,,2017,2018,1,,https://dc.fandom.com/wiki/Bombshells_United_Vol_1
580,401,1,,1997,1998,1,,https://dc.fandom.com/wiki/The_Book_of_Fate_Vol_1
581,402,3,Books of Magic,2018,2020,3,,https://dc.fandom.com/wiki/Books_of_Magic_Vol_3
582,402,1,,1990,1991,1,,https://dc.fandom.com/wiki/The_Books_of_Magic_Vol_1
583,402,2,,1994,2000,2,,https://dc.fandom.com/wiki/The_Books_of_Magic_Vol_2
584,403,1,,2018,2019,1,,https://dc.fandom.com/wiki/Border_Town_Vol_1
585,404,1,,2024,2024,1,,https://dc.fandom.com/wiki/The_Boy_Wonder_Vol_1
586,405,1,,2005,2006,1,,https://dc.fandom.com/wiki/Breach_Vol_1
587,406,1,,2011,2011,1,,https://dc.fandom.com/wiki/Brightest_Day_Aftermath:_The_Search_for_Swamp_Thing_Vol_1
588,407,1,,1968,1968,1,,"https://dc.fandom.com/wiki/Brother_Power,_the_Geek_Vol_1"
589,408,1,,2010,2010,1,,https://dc.fandom.com/wiki/Bruce_Wayne:_The_Road_Home_Vol_1
590,409,1,,2017,2018,1,,https://dc.fandom.com/wiki/Bug!_The_Adventures_of_Forager_Vol_1
591,410,1,,1990,1990,1,,https://dc.fandom.com/wiki/Butcher_Vol_1
592,411,1,,1982,1985,1,,https://dc.fandom.com/wiki/Camelot_3000_Vol_1
593,412,1,,1978,1978,1,,https://dc.fandom.com/wiki/Cancelled_Comic_Cavalcade_Vol_1
594,413,1,,2003,2004,1,,https://dc.fandom.com/wiki/Caper_Vol_1
595,414,1,,1964,1967,1,,https://dc.fandom.com/wiki/Capt._Storm_Vol_1
596,415,1,,1965,1967,1,,https://dc.fandom.com/wiki/Captain_Atom_Vol_1
597,415,2,,1987,1991,2,,https://dc.fandom.com/wiki/Captain_Atom_Vol_2
598,415,3,,2011,2012,3,,https://dc.fandom.com/wiki/Captain_Atom_Vol_3
599,416,1,,2005,2006,1,,https://dc.fandom.com/wiki/Captain_Atom:_Armageddon_Vol_1
600,417,1,,1982,1983,1,,https://dc.fandom.com/wiki/Captain_Carrot_and_His_Amazing_Zoo_Crew_Vol_1
601,418,1,,1986,1986,1,,https://dc.fandom.com/wiki/Captain_Carrot_and_His_Amazing_Zoo_Crew:_The_Oz-Wonderland_War_Vol_1
602,419,1,,2007,2007,1,,https://dc.fandom.com/wiki/Captain_Carrot_and_the_Final_Ark_Vol_1
603,420,1,,1989,1989,1,,https://dc.fandom.com/wiki/Catwoman_Vol_1
604,420,2,,1993,2001,2,,https://dc.fandom.com/wiki/Catwoman_Vol_2
605,420,3,,2002,2010,3,,https://dc.fandom.com/wiki/Catwoman_Vol_3
606,420,4,,2011,2016,4,,https://dc.fandom.com/wiki/Catwoman_Vol_4
607,420,5,,2018,,5,,https://dc.fandom.com/wiki/Catwoman_Vol_5
608,421,1,,1998,1998,1,,https://dc.fandom.com/wiki/Catwoman/Wildcat_Vol_1
609,422,1,,1999,1999,1,,https://dc.fandom.com/wiki/Catwoman:_Guardian_of_Gotham_Vol_1
610,423,1,,2021,2022,1,,https://dc.fandom.com/wiki/Catwoman:_Lonely_City_Vol_1
611,424,1,,2004,2005,1,,https://dc.fandom.com/wiki/Catwoman:_When_in_Rome_Vol_1
612,425,1,,2016,2017,1,,https://dc.fandom.com/wiki/Cave_Carson_Has_a_Cybernetic_Eye_Vol_1
613,425,1.5,Cave Carson Has an Interstellar Eye,2018,2018,1,,https://dc.fandom.com/wiki/Cave_Carson_Has_an_Interstellar_Eye_Vol_1
614,426,1,,1987,1987,1,,https://dc.fandom.com/wiki/Centurions_Vol_1
615,427,1,,1993,1994,1,,https://dc.fandom.com/wiki/Chain_Gang_War_Vol_1
616,428,1,,2021,2021,1,,https://dc.fandom.com/wiki/Challenge_of_the_Super_Sons_Vol_1
617,429,1,,1958,1978,1,,https://dc.fandom.com/wiki/Challengers_of_the_Unknown_Vol_1
618,429,2,,1991,1991,2,,https://dc.fandom.com/wiki/Challengers_of_the_Unknown_Vol_2
619,429,3,,1997,1998,3,,https://dc.fandom.com/wiki/Challengers_of_the_Unknown_Vol_3
620,429,4,,2004,2005,4,,https://dc.fandom.com/wiki/Challengers_of_the_Unknown_Vol_4
621,429,5,,2025,2025,5,,https://dc.fandom.com/wiki/Challengers_of_the_Unknown_Vol_5
622,430,1,,2013,2013,1,,https://dc.fandom.com/wiki/Channel_52_Vol_1
623,431,1,,1967,1968,1,,https://dc.fandom.com/wiki/Charlton_Premiere_Vol_1
624,432,1,,1998,1998,1,,https://dc.fandom.com/wiki/Chase_Vol_1
625,433,1,,1988,1991,1,,https://dc.fandom.com/wiki/Checkmate_Vol_1
626,433,2,,2006,2008,2,,https://dc.fandom.com/wiki/Checkmate_Vol_2
627,433,3,,2021,2022,3,,https://dc.fandom.com/wiki/Checkmate_Vol_3
628,434,1,,1988,1989,1,,https://dc.fandom.com/wiki/Christmas_with_the_Super-Heroes_Vol_1
629,435,1,,1998,1999,1,,https://dc.fandom.com/wiki/Chronos_Vol_1
630,436,1,,2003,2004,1,,https://dc.fandom.com/wiki/Cinnamon:_El_Ciclo_Vol_1
631,437,1,,2023,2024,1,,https://dc.fandom.com/wiki/City_Boy_Vol_1
632,438,1,,1991,1991,1,,https://dc.fandom.com/wiki/Clash_Vol_1
633,439,1,,1975,1977,1,,https://dc.fandom.com/wiki/Claw_the_Unconquered_Vol_1
634,439,2,,2006,2007,2,,https://dc.fandom.com/wiki/Claw_the_Unconquered_Vol_2
635,440,1,,2019,2020,1,,https://dc.fandom.com/wiki/Collapser_Vol_1
636,441,1,,1992,1993,1,,https://dc.fandom.com/wiki/Congorilla_Vol_1
637,442,1,,1999,1999,1,,https://dc.fandom.com/wiki/Conjurors_Vol_1
638,443,1,,2007,2007,1,,https://dc.fandom.com/wiki/Connor_Hawke:_Dragon's_Blood_Vol_1
639,444,1,,1985,1985,1,,https://dc.fandom.com/wiki/Conqueror_of_the_Barren_Earth_Vol_1
640,445,1,,2013,2015,1,,https://dc.fandom.com/wiki/Constantine_Vol_1
641,446,1,,2015,2016,1,,https://dc.fandom.com/wiki/Constantine:_The_Hellblazer_Vol_1
642,447,1,,2015,2015,1,,https://dc.fandom.com/wiki/Convergence_Vol_1
643,448,1,,2015,2015,1,,https://dc.fandom.com/wiki/Convergence:_Action_Comics_Vol_1
644,449,1,,2015,2015,1,,https://dc.fandom.com/wiki/Convergence:_Adventures_of_Superman_Vol_1
645,450,1,,2015,2015,1,,https://dc.fandom.com/wiki/Convergence:_Aquaman_Vol_1
646,451,1,,2015,2015,1,,https://dc.fandom.com/wiki/Convergence:_Batgirl_Vol_1
647,452,1,,2015,2015,1,,https://dc.fandom.com/wiki/Convergence:_Batman_and_Robin_Vol_1
648,453,1,,2015,2015,1,,https://dc.fandom.com/wiki/Convergence:_Batman_and_the_Outsiders_Vol_1
649,454,1,,2015,2015,1,,https://dc.fandom.com/wiki/Convergence:_Batman:_Shadow_of_the_Bat_Vol_1
650,455,1,,2015,2015,1,,https://dc.fandom.com/wiki/Convergence:_Blue_Beetle_Vol_1
651,456,1,,2015,2015,1,,https://dc.fandom.com/wiki/Convergence:_Booster_Gold_Vol_1
652,457,1,,2015,2015,1,,https://dc.fandom.com/wiki/Convergence:_Catwoman_Vol_1
653,458,1,,2015,2015,1,,https://dc.fandom.com/wiki/Convergence:_Crime_Syndicate_Vol_1
654,459,1,,2015,2015,1,,https://dc.fandom.com/wiki/Convergence:_Detective_Comics_Vol_1
655,460,1,,2015,2015,1,,https://dc.fandom.com/wiki/Convergence:_Green_Arrow_Vol_1
656,461,1,,2015,2015,1,,https://dc.fandom.com/wiki/Convergence:_Green_Lantern_Corps_Vol_1
657,462,1,,2015,2015,1,,https://dc.fandom.com/wiki/Convergence:_Green_Lantern/Parallax_Vol_1
658,463,1,,2015,2015,1,,https://dc.fandom.com/wiki/Convergence:_Harley_Quinn_Vol_1
659,464,1,,2015,2015,1,,https://dc.fandom.com/wiki/Convergence:_Hawkman_Vol_1
660,465,1,,2015,2015,1,,https://dc.fandom.com/wiki/Convergence:_Infinity_Inc._Vol_1
661,466,1,,2015,2015,1,,https://dc.fandom.com/wiki/Convergence:_Justice_League_Vol_1
662,467,1,,2015,2015,1,,https://dc.fandom.com/wiki/Convergence:_Justice_League_International_Vol_1
663,468,1,,2015,2015,1,,https://dc.fandom.com/wiki/Convergence:_Justice_League_of_America_Vol_1
664,469,1,,2015,2015,1,,https://dc.fandom.com/wiki/Convergence:_Justice_Society_of_America_Vol_1
665,470,1,,2015,2015,1,,https://dc.fandom.com/wiki/Convergence:_New_Teen_Titans_Vol_1
666,471,1,,2015,2015,1,,https://dc.fandom.com/wiki/Convergence:_Nightwing/Oracle_Vol_1
667,472,1,,2015,2015,1,,https://dc.fandom.com/wiki/Convergence:_Plastic_Man_and_the_Freedom_Fighters_Vol_1
668,473,1,,2015,2015,1,,https://dc.fandom.com/wiki/Convergence:_Shazam!_Vol_1
669,474,1,,2015,2015,1,,https://dc.fandom.com/wiki/Convergence:_Speed_Force_Vol_1
670,475,1,,2015,2015,1,,https://dc.fandom.com/wiki/Convergence:_Suicide_Squad_Vol_1
671,476,1,,2015,2015,1,,https://dc.fandom.com/wiki/Convergence:_Superboy_Vol_1
672,477,1,,2015,2015,1,,https://dc.fandom.com/wiki/Convergence:_Superboy_and_the_Legion_of_Super-Heroes_Vol_1
673,478,1,,2015,2015,1,,https://dc.fandom.com/wiki/Convergence:_Supergirl:_Matrix_Vol_1
674,479,1,,2015,2015,1,,https://dc.fandom.com/wiki/Convergence:_Superman_Vol_1
675,480,1,,2015,2015,1,,https://dc.fandom.com/wiki/Convergence:_Superman:_The_Man_of_Steel_Vol_1
676,481,1,,2015,2015,1,,https://dc.fandom.com/wiki/Convergence:_Swamp_Thing_Vol_1
677,482,1,,2015,2015,1,,https://dc.fandom.com/wiki/Convergence:_The_Atom_Vol_1
678,483,1,,2015,2015,1,,https://dc.fandom.com/wiki/Convergence:_The_Flash_Vol_1
679,484,1,,2015,2015,1,,https://dc.fandom.com/wiki/Convergence:_The_Question_Vol_1
680,485,1,,2015,2015,1,,https://dc.fandom.com/wiki/Convergence:_Titans_Vol_1
681,486,1,,2015,2015,1,,https://dc.fandom.com/wiki/Convergence:_Wonder_Woman_Vol_1
682,487,1,,2015,2015,1,,https://dc.fandom.com/wiki/Convergence:_World's_Finest_Comics_Vol_1
683,488,1,,1988,1989,1,,https://dc.fandom.com/wiki/COPS_Vol_1
684,489,1,,1986,1987,1,,https://dc.fandom.com/wiki/Cosmic_Boy_Vol_1
685,490,1,,2007,2008,1,,https://dc.fandom.com/wiki/Countdown_Vol_1
686,491,1,,2007,2008,1,,https://dc.fandom.com/wiki/Countdown_Presents:_Lord_Havok_and_the_Extremists_Vol_1
687,492,1,,2007,2008,1,,https://dc.fandom.com/wiki/Countdown_Presents:_The_Search_for_Ray_Palmer_Vol_1
688,493,1,,2007,2008,1,,https://dc.fandom.com/wiki/Countdown_Special_Vol_1
689,494,1,,2008,2008,1,,https://dc.fandom.com/wiki/Countdown_Special:_Atom_Vol_1
690,495,1,,2007,2008,1,,https://dc.fandom.com/wiki/Countdown_to_Adventure_Vol_1
691,496,1,,2007,2008,1,,https://dc.fandom.com/wiki/Countdown_to_Mystery_Vol_1
692,497,1,,2008,2008,1,,https://dc.fandom.com/wiki/Countdown:_Arena_Vol_1
693,498,1,,2000,2000,1,,https://dc.fandom.com/wiki/Creature_Commandos_Vol_1
694,499,1,,1997,1998,1,,https://dc.fandom.com/wiki/Creeper_Vol_1
695,499,2,,2006,2007,2,,https://dc.fandom.com/wiki/Creeper_Vol_2
696,500,1,,2007,2008,1,,https://dc.fandom.com/wiki/Crime_Bible:_Five_Lessons_of_Blood_Vol_1
697,501,1,,2021,2021,1,,https://dc.fandom.com/wiki/Crime_Syndicate_Vol_1
698,502,1,,1988,1988,1,,https://dc.fandom.com/wiki/Crimson_Avenger_Vol_1
699,503,1,,2006,2006,1,,https://dc.fandom.com/wiki/Crisis_Aftermath:_The_Spectre_Vol_1
700,504,1,,2020,2002,1,,https://dc.fandom.com/wiki/Crisis_on_Infinite_Earths_Giant_Vol_1
701,505,1,,2021,2022,1,,https://dc.fandom.com/wiki/Crush_&_Lobo_Vol_1
702,506,1,,2018,2019,1,,https://dc.fandom.com/wiki/The_Curse_of_Brimstone_Vol_1
703,507,1,,2015,2016,1,,https://dc.fandom.com/wiki/Cyborg_Vol_1
704,507,2,,2016,2018,2,,https://dc.fandom.com/wiki/Cyborg_Vol_2
705,507,3,,2023,2024,3,,https://dc.fandom.com/wiki/Cyborg_Vol_3
706,508,1,,1994,1996,1,,https://dc.fandom.com/wiki/Damage_Vol_1
707,508,2,,2018,2019,2,,https://dc.fandom.com/wiki/Damage_Vol_2
708,509,1,,2013,2014,1,,https://dc.fandom.com/wiki/Damian:_Son_of_Batman_Vol_1
709,510,1,,1950,1951,1,,https://dc.fandom.com/wiki/Danger_Trail_Vol_1
710,510,2,,1993,1993,2,,https://dc.fandom.com/wiki/Danger_Trail_Vol_2
711,511,1,,2022,2023,1,,https://dc.fandom.com/wiki/Dark_Crisis_Vol_1
712,512,1,,2022,2023,1,,https://dc.fandom.com/wiki/Dark_Crisis:_Worlds_Without_a_Justice_League_Vol_1
713,513,1,,2022,2023,1,,https://dc.fandom.com/wiki/Dark_Crisis:_Young_Justice_Vol_1
714,514,1,,2016,2017,1,,https://dc.fandom.com/wiki/Dark_Knight_III:_The_Master_Race_Vol_1
715,515,1,,2001,2002,1,,https://dc.fandom.com/wiki/The_Dark_Knight_Strikes_Again_Vol_1
716,516,1,,2022,2023,1,,https://dc.fandom.com/wiki/Dark_Knights_of_Steel_Vol_1
717,517,1,,2024,2025,1,,https://dc.fandom.com/wiki/Dark_Knights_of_Steel:_Allwinter_Vol_1
718,518,1,,2020,2021,1,,https://dc.fandom.com/wiki/Dark_Nights:_Death_Metal_Vol_1
719,519,1,,2017,2018,1,,https://dc.fandom.com/wiki/Dark_Nights:_Metal_Vol_1
720,520,1,,1992,1996,1,,https://dc.fandom.com/wiki/Darkstars_Vol_1
721,521,1,,1999,1999,1,,https://dc.fandom.com/wiki/Day_of_Judgment_Vol_1
722,522,1,,2005,2006,1,,https://dc.fandom.com/wiki/Day_of_Vengeance_Vol_1
723,523,1,,1971,1973,1,,https://dc.fandom.com/wiki/DC_100-Page_Super_Spectacular_Vol_1
724,524,1,,2000,2000,1,,https://dc.fandom.com/wiki/DC_2000_Vol_1
725,525,1,,1985,1986,1,,https://dc.fandom.com/wiki/DC_Challenge_Vol_1
726,526,1,,2020,2021,1,,https://dc.fandom.com/wiki/DC_Classics:_The_Batman_Adventures_Vol_1
727,527,1,,2015,2017,1,,https://dc.fandom.com/wiki/DC_Comics_Bombshells_Vol_1
728,528,1,,2010,2011,1,,https://dc.fandom.com/wiki/DC_Comics_Presents:_Young_Justice_Vol_1
729,529,1,,1985,1993,,,https://dc.fandom.com/wiki/DC_Heroes_Roleplaying_Game
730,530,1,,2024,2025,1,,https://dc.fandom.com/wiki/DC_Horror_Presents..._Vol_1
731,531,1,,2024,2025,1,,https://dc.fandom.com/wiki/DC_Horror_Presents:_Creature_Commandos_Vol_1
732,532,1,,2022,2023,1,,https://dc.fandom.com/wiki/DC_Horror_Presents:_Sgt._Rock_vs._the_Army_of_the_Dead_Vol_1
733,533,1,,2021,2022,1,,https://dc.fandom.com/wiki/DC_Horror_Presents:_Soul_Plumber_Vol_1
734,534,1,,2021,2021,1,,https://dc.fandom.com/wiki/DC_Horror_Presents:_The_Conjuring:_The_Lover_Vol_1
735,535,1,,2012,2013,1,,https://dc.fandom.com/wiki/DC_Nation_Vol_1
736,535,2,,2018,2019,2,,https://dc.fandom.com/wiki/DC_Nation_Vol_2
737,536,1,,1998,1998,1,,https://dc.fandom.com/wiki/DC_One_Million_Vol_1
738,537,1,,2011,2011,1,,https://dc.fandom.com/wiki/DC_Retroactive:_Batman_Vol_1
739,538,1,,2011,2011,1,,https://dc.fandom.com/wiki/DC_Retroactive:_Green_Lantern_Vol_1
740,539,1,,2011,2011,1,,https://dc.fandom.com/wiki/DC_Retroactive:_Justice_League_of_America_Vol_1
741,540,1,,2011,2011,1,,https://dc.fandom.com/wiki/DC_Retroactive:_Superman_Vol_1
742,541,1,,2011,2011,1,,https://dc.fandom.com/wiki/DC_Retroactive:_The_Flash_Vol_1
743,542,1,,2011,2011,1,,https://dc.fandom.com/wiki/DC_Retroactive:_Wonder_Woman_Vol_1
744,543,1,,1983,1984,1,,https://dc.fandom.com/wiki/DC_Sampler_Vol_1
745,544,1,,1985,1987,1,,https://dc.fandom.com/wiki/DC_Science_Fiction_Graphic_Novel_Vol_1
746,545,1,,1968,1977,1,,https://dc.fandom.com/wiki/DC_Special_Vol_1
747,546,1,,1977,1981,1,,https://dc.fandom.com/wiki/DC_Special_Series_Vol_1
748,547,1,,2008,2008,1,,https://dc.fandom.com/wiki/DC_Special:_Cyborg_Vol_1
749,548,1,,2008,2008,1,,https://dc.fandom.com/wiki/DC_Special:_Raven_Vol_1
750,549,1,,2005,2005,1,,https://dc.fandom.com/wiki/DC_Special:_The_Return_of_Donna_Troy_Vol_1
751,550,1,,1976,1978,1,,https://dc.fandom.com/wiki/DC_Super-Stars_Vol_1
752,551,1,,2010,2011,1,,https://dc.fandom.com/wiki/DC_Universe_Legacies_Vol_1
753,552,1,,2011,2013,1,,https://dc.fandom.com/wiki/DC_Universe_Presents_Vol_1
754,553,1,DC vs Vampires,2021,2023,1,,https://dc.fandom.com/wiki/DC_vs._Vampires_Vol_1
755,553,1.4,DC vs. Vampires: All-Out War,2022,2023,1,,https://dc.fandom.com/wiki/DC_vs._Vampires:_All-Out_War_Vol_1
756,553,2,DC vs. Vampires: World War V,2024,2025,1,,https://dc.fandom.com/wiki/DC_vs._Vampires:_World_War_V_Vol_1
757,554,1,,2008,2008,1,,https://dc.fandom.com/wiki/DC/Wildstorm:_Dreamwar_Vol_1
758,555,1,,2022,2023,1,,https://dc.fandom.com/wiki/DC:_Mech_Vol_1
759,556,1,,2004,2004,1,,https://dc.fandom.com/wiki/DC:_The_New_Frontier_Vol_1
760,557,1,,2019,2019,1,,https://dc.fandom.com/wiki/DCeased_Vol_1
761,558,1,,2020,2021,1,,https://dc.fandom.com/wiki/DCeased:_Dead_Planet_Vol_1
762,559,1,,2020,2020,1,,https://dc.fandom.com/wiki/DCeased:_Unkillables_Vol_1
763,560,1,,2022,2023,1,,https://dc.fandom.com/wiki/DCeased:_War_of_the_Undead_Gods_Vol_1
764,561,1,,1997,1999,1,,https://dc.fandom.com/wiki/DCU_Holiday_Bash_Vol_1
765,562,1,,2008,2008,1,,https://dc.fandom.com/wiki/DCU:_Decisions_Vol_1
766,563,1,,1993,1993,1,,https://dc.fandom.com/wiki/DCU:_Trinity_Vol_1
767,564,1,,2009,2009,1,,https://dc.fandom.com/wiki/Dead_Romeo_Vol_1
768,565,1,,1985,1985,1,,https://dc.fandom.com/wiki/Deadman_Vol_1
769,565,2,,1986,1986,2,,https://dc.fandom.com/wiki/Deadman_Vol_2
770,565,3,,2002,2002,3,,https://dc.fandom.com/wiki/Deadman_Vol_3
771,565,4,,2006,2007,4,,https://dc.fandom.com/wiki/Deadman_Vol_4
772,565,5,,2018,2018,5,,https://dc.fandom.com/wiki/Deadman_Vol_5
773,566,1,,2016,2017,1,,https://dc.fandom.com/wiki/Deadman:_Dark_Mansion_of_Forbidden_Love_Vol_1
774,567,1,,2001,2001,1,,https://dc.fandom.com/wiki/Deadman:_Dead_Again_Vol_1
775,568,1,,1992,1992,1,,https://dc.fandom.com/wiki/Deadman:_Exorcism_Vol_1
776,569,1,,1989,1990,1,,https://dc.fandom.com/wiki/Deadman:_Love_After_Death_Vol_1
777,570,1,,1988,1989,1,,https://dc.fandom.com/wiki/Deadshot_Vol_1
778,570,2,,2005,2005,2,,https://dc.fandom.com/wiki/Deadshot_Vol_2
779,571,1,,2016,2017,1,,https://dc.fandom.com/wiki/Death_of_Hawkman_Vol_1
780,572,1,,2007,2008,1,,https://dc.fandom.com/wiki/Death_of_the_New_Gods_Vol_1
781,573,2,,2011,2013,2,,https://dc.fandom.com/wiki/Deathstroke_Vol_2
782,573,3,,2014,2016,3,,https://dc.fandom.com/wiki/Deathstroke_Vol_3
783,573,4,,2016,2020,4,,https://dc.fandom.com/wiki/Deathstroke_Vol_4
784,574,1,,2021,2023,1,,https://dc.fandom.com/wiki/Deathstroke_Inc._Vol_1
785,573,1,Deathstroke the Terminator,1991,1996,1,,https://dc.fandom.com/wiki/Deathstroke_the_Terminator_Vol_1
786,575,1,,2011,2013,1,,https://dc.fandom.com/wiki/Demon_Knights_Vol_1
787,576,1,,1972,1974,1,,https://dc.fandom.com/wiki/The_Demon_Vol_1
788,576,2,,1987,1987,2,,https://dc.fandom.com/wiki/The_Demon_Vol_2
789,576,3,,1990,1995,3,,https://dc.fandom.com/wiki/The_Demon_Vol_3
790,577,1,,2003,2004,1,,https://dc.fandom.com/wiki/The_Demon:_Driven_Out_Vol_1
791,578,1,,2018,2018,1,,https://dc.fandom.com/wiki/The_Demon:_Hell_Is_Earth_Vol_1
792,579,1,,2012,2013,1,,https://dc.fandom.com/wiki/Dial_H_Vol_1
793,580,1,,2019,2020,1,,https://dc.fandom.com/wiki/Dial_H_for_Hero_Vol_1
794,581,1,,1987,1988,1,,https://dc.fandom.com/wiki/Doc_Savage_Vol_1
795,581,2,,1988,1990,2,,https://dc.fandom.com/wiki/Doc_Savage_Vol_2
796,581,3,,2010,2012,3,,https://dc.fandom.com/wiki/Doc_Savage_Vol_3
797,582,1,,1987,1987,1,,https://dc.fandom.com/wiki/Doctor_Fate_Vol_1
798,582,2,,1988,1992,2,,https://dc.fandom.com/wiki/Doctor_Fate_Vol_2
799,582,3,,2003,2004,3,,https://dc.fandom.com/wiki/Doctor_Fate_Vol_3
800,582,4,,2015,2017,4,,https://dc.fandom.com/wiki/Doctor_Fate_Vol_4
801,583,1,,1999,1999,1,,https://dc.fandom.com/wiki/Doctor_Mid-Nite_Vol_1
802,584,1,,2019,2021,1,,https://dc.fandom.com/wiki/Dollar_Comics_Vol_1
803,585,1,,1964,1973,1,,https://dc.fandom.com/wiki/Doom_Patrol_Vol_1
804,585,2,,1987,1995,2,,https://dc.fandom.com/wiki/Doom_Patrol_Vol_2
805,585,3,,2001,2003,3,,https://dc.fandom.com/wiki/Doom_Patrol_Vol_3
806,585,4,,2004,2006,4,,https://dc.fandom.com/wiki/Doom_Patrol_Vol_4
807,585,5,,2009,2011,5,,https://dc.fandom.com/wiki/Doom_Patrol_Vol_5
808,585,6,,2016,2018,6,,https://dc.fandom.com/wiki/Doom_Patrol_Vol_6
809,585,6.5,Doom Patrol: Weight of the Worlds,2019,2020,1,,https://dc.fandom.com/wiki/Doom_Patrol:_Weight_of_the_Worlds_Vol_1
810,586,1,,2015,2016,1,,https://dc.fandom.com/wiki/Doomed_Vol_1
811,587,1,,2018,2020,1,,https://dc.fandom.com/wiki/Doomsday_Clock_Vol_1
812,588,1,,1978,1978,1,,https://dc.fandom.com/wiki/Doorway_to_Nightmare_Vol_1
813,589,1,,2012,2015,1,,https://dc.fandom.com/wiki/Earth_2_Vol_1
814,590,1,,2015,2017,1,,https://dc.fandom.com/wiki/Earth_2:_Society_Vol_1
815,591,1,,2014,2015,1,,https://dc.fandom.com/wiki/Earth_2:_World's_End_Vol_1
816,592,1,,2022,2022,1,,https://dc.fandom.com/wiki/Earth-Prime_Vol_1
817,593,1,,1992,1994,1,,https://dc.fandom.com/wiki/Eclipso_Vol_1
818,594,1,,1992,1992,1,,https://dc.fandom.com/wiki/Eclipso:_The_Darkness_Within_Vol_1
819,595,1,,1989,1991,1,,https://dc.fandom.com/wiki/El_Diablo_Vol_1
820,595,2,,2001,2001,2,,https://dc.fandom.com/wiki/El_Diablo_Vol_2
821,595,3,,2008,2009,3,,https://dc.fandom.com/wiki/El_Diablo_Vol_3
822,596,1,,1992,1992,1,,https://dc.fandom.com/wiki/Elongated_Man_Vol_1
823,597,1,,1997,1997,1,,https://dc.fandom.com/wiki/Elseworld's_Finest_Vol_1
824,598,1,,1986,1987,1,,https://dc.fandom.com/wiki/Elvira's_House_of_Mystery_Vol_1
825,599,1,,2001,2001,1,,https://dc.fandom.com/wiki/Enemy_Ace:_War_in_Heaven_Vol_1
826,600,1,,2004,2004,1,,https://dc.fandom.com/wiki/Enginehead_Vol_1
827,601,1,,1996,1996,1,,https://dc.fandom.com/wiki/Eradicator_Vol_1
828,602,1,,2018,2018,1,,https://dc.fandom.com/wiki/Eternity_Girl_Vol_1
829,603,1,,2019,2020,1,,https://dc.fandom.com/wiki/Event_Leviathan_Vol_1
830,604,1,,2017,2017,1,,https://dc.fandom.com/wiki/The_Fall_and_Rise_of_Captain_Atom_Vol_1
831,605,1,,2003,2005,1,,https://dc.fandom.com/wiki/Fallen_Angel_Vol_1
832,606,1,,2020,2021,1,,https://dc.fandom.com/wiki/Far_Sector_Vol_1
833,607,1,,1994,1996,1,,https://dc.fandom.com/wiki/Fate_Vol_1
834,608,1,,2013,2015,1,,https://dc.fandom.com/wiki/FBP:_Federal_Bureau_of_Physics_Vol_1
835,609,1,,2019,2019,1,,https://dc.fandom.com/wiki/Female_Furies_Vol_1
836,610,1,,1994,1994,1,,https://dc.fandom.com/wiki/Fighting_American_Vol_1
837,611,1,,2008,2009,1,,https://dc.fandom.com/wiki/Final_Crisis_Vol_1
838,612,1,,2009,2009,1,,https://dc.fandom.com/wiki/Final_Crisis_Aftermath:_Dance_Vol_1
839,613,1,,2009,2009,1,,https://dc.fandom.com/wiki/Final_Crisis_Aftermath:_Escape_Vol_1
840,614,1,,2009,2009,1,,https://dc.fandom.com/wiki/Final_Crisis_Aftermath:_Ink_Vol_1
841,615,1,,2009,2009,1,,https://dc.fandom.com/wiki/Final_Crisis_Aftermath:_Run!_Vol_1
842,616,1,,2008,2009,1,,https://dc.fandom.com/wiki/Final_Crisis:_Legion_of_3_Worlds_Vol_1
843,617,1,,2008,2009,1,,https://dc.fandom.com/wiki/Final_Crisis:_Revelations_Vol_1
844,618,1,,2008,2008,1,,https://dc.fandom.com/wiki/Final_Crisis:_Rogues'_Revenge_Vol_1
845,619,1,,2008,2009,1,,https://dc.fandom.com/wiki/Final_Crisis:_Superman_Beyond_Vol_1
846,620,1,,1996,1996,1,,https://dc.fandom.com/wiki/The_Final_Night_Vol_1
847,621,1,,1999,1999,1,,https://dc.fandom.com/wiki/Finals_Vol_1
848,622,1,,2023,2024,1,,https://dc.fandom.com/wiki/Fire_&_Ice:_Welcome_to_Smallville_Vol_1
849,623,1,,2025,,1,,https://dc.fandom.com/wiki/Fire_&_Ice:_When_Hell_Freezes_Over_Vol_1
850,624,1,,1996,1996,1,,https://dc.fandom.com/wiki/Firebrand_Vol_1
851,625,1,,1978,1978,1,,https://dc.fandom.com/wiki/Firestorm_Vol_1
852,625,2,,1982,1990,2,,https://dc.fandom.com/wiki/Firestorm_Vol_2
853,625,3,,2004,2007,3,,https://dc.fandom.com/wiki/Firestorm_Vol_3
854,626,1,,2010,2011,1,,https://dc.fandom.com/wiki/First_Wave_Vol_1
855,627,1,,1998,1999,1,,https://dc.fandom.com/wiki/The_Flash_80-Page_Giant_Vol_1
856,628,1,,2019,2020,1,,https://dc.fandom.com/wiki/Flash_Forward_Vol_1
857,629,1,,2019,2019,1,,https://dc.fandom.com/wiki/The_Flash_Giant_Vol_1
858,629,2,,2019,2020,2,,https://dc.fandom.com/wiki/The_Flash_Giant_Vol_2
859,630,1,,1997,2010,1,,https://dc.fandom.com/wiki/The_Flash_Secret_Files_and_Origins_Vol_1
860,631,1,,1997,1997,1,,https://dc.fandom.com/wiki/Flash/Green_Lantern:_Faster_Friends_Vol_1
861,632,1,,2009,2010,1,,https://dc.fandom.com/wiki/The_Flash:_Rebirth_Vol_1
862,633,1,,2014,2015,1,,https://dc.fandom.com/wiki/The_Flash:_Season_Zero_Vol_1
863,634,1,,2022,2022,1,,https://dc.fandom.com/wiki/Flashpoint_Beyond_Vol_1
864,635,1,,1996,1996,1,,https://dc.fandom.com/wiki/Flex_Mentallo_Vol_1
865,636,1,,2013,2014,1,,https://dc.fandom.com/wiki/Forever_Evil_Vol_1
866,637,1,,2013,2014,1,,https://dc.fandom.com/wiki/Forever_Evil:_A.R.G.U.S._Vol_1
867,638,1,,2013,2014,1,,https://dc.fandom.com/wiki/Forever_Evil:_Arkham_War_Vol_1
868,639,1,,2013,2014,1,,https://dc.fandom.com/wiki/Forever_Evil:_Rogues_Rebellion_Vol_1
869,640,1,,2003,2003,1,,https://dc.fandom.com/wiki/Forever_Maelstrom_Vol_1
870,641,1,,2003,2004,1,,https://dc.fandom.com/wiki/Formerly_Known_as_the_Justice_League_Vol_1
871,642,1,,2011,2013,1,,"https://dc.fandom.com/wiki/Frankenstein,_Agent_of_S.H.A.D.E._Vol_1"
872,643,1,,1976,1978,1,,https://dc.fandom.com/wiki/Freedom_Fighters_Vol_1
873,643,2,,2010,2011,2,,https://dc.fandom.com/wiki/Freedom_Fighters_Vol_2
874,643,3,,2019,2020,3,,https://dc.fandom.com/wiki/Freedom_Fighters_Vol_3
875,644,1,,1969,1973,1,,https://dc.fandom.com/wiki/From_Beyond_the_Unknown_Vol_1
876,645,1,,2024,2024,1,,https://dc.fandom.com/wiki/From_the_DC_Vault_Vol_1
877,646,1,,2024,2024,1,,https://dc.fandom.com/wiki/From_the_DC_Vault:_Death_in_the_Family:_Robin_Lives!_Vol_1
878,647,1,,1955,1956,1,,https://dc.fandom.com/wiki/Frontier_Fighters_Vol_1
879,648,1,,2011,2013,1,,https://dc.fandom.com/wiki/Fury_of_Firestorm:_The_Nuclear_Men_Vol_1
880,649,1,,2021,2021,1,,https://dc.fandom.com/wiki/Future_State:_Aquaman_Vol_1
881,650,1,,2021,2021,1,,https://dc.fandom.com/wiki/Future_State:_Batman/Superman_Vol_1
882,651,1,,2021,2021,1,,https://dc.fandom.com/wiki/Future_State:_Catwoman_Vol_1
883,652,1,,2021,2021,1,,https://dc.fandom.com/wiki/Future_State:_Dark_Detective_Vol_1
884,653,1,,2021,2022,1,,https://dc.fandom.com/wiki/Future_State:_Gotham_Vol_1
885,654,1,,2021,2021,1,,https://dc.fandom.com/wiki/Future_State:_Harley_Quinn_Vol_1
886,655,1,,2021,2021,1,,https://dc.fandom.com/wiki/Future_State:_Immortal_Wonder_Woman_Vol_1
887,656,1,,2021,2021,1,,https://dc.fandom.com/wiki/Future_State:_Justice_League_Vol_1
888,657,1,,2021,2021,1,,"https://dc.fandom.com/wiki/Future_State:_Kara_Zor-El,_Superwoman_Vol_1"
889,658,1,,2021,2021,1,,https://dc.fandom.com/wiki/Future_State:_Legion_of_Super-Heroes_Vol_1
890,659,1,,2021,2021,1,,https://dc.fandom.com/wiki/Future_State:_Nightwing_Vol_1
891,660,1,,2021,2021,1,,https://dc.fandom.com/wiki/Future_State:_Robin_Eternal_Vol_1
892,661,1,,2021,2021,1,,https://dc.fandom.com/wiki/Future_State:_Shazam!_Vol_1
893,662,1,,2021,2021,1,,https://dc.fandom.com/wiki/Future_State:_Suicide_Squad_Vol_1
894,663,1,,2021,2021,1,,https://dc.fandom.com/wiki/Future_State:_Superman_of_Metropolis_Vol_1
895,664,1,,2021,2021,1,,https://dc.fandom.com/wiki/Future_State:_Superman_vs._Imperious_Lex_Vol_1
896,665,1,,2021,2021,1,,https://dc.fandom.com/wiki/Future_State:_Superman/Wonder_Woman_Vol_1
897,666,1,,2021,2021,1,,https://dc.fandom.com/wiki/Future_State:_Superman:_Worlds_of_War_Vol_1
898,667,1,,2021,2021,1,,https://dc.fandom.com/wiki/Future_State:_Swamp_Thing_Vol_1
899,668,1,,2021,2021,1,,https://dc.fandom.com/wiki/Future_State:_Teen_Titans_Vol_1
900,669,1,,2021,2021,1,,https://dc.fandom.com/wiki/Future_State:_The_Flash_Vol_1
901,670,1,,2021,2021,1,,https://dc.fandom.com/wiki/Future_State:_The_Next_Batman_Vol_1
902,671,1,,2021,2021,1,,https://dc.fandom.com/wiki/Future_State:_Wonder_Woman_Vol_1
903,672,1,,2022,2023,1,,https://dc.fandom.com/wiki/GCPD:_The_Blue_Wall_Vol_1
904,673,1,,2021,2021,1,,https://dc.fandom.com/wiki/Generations_Vol_1
905,674,1,,1997,1997,1,,https://dc.fandom.com/wiki/Genesis_Vol_1
906,675,1,,1971,1984,1,,https://dc.fandom.com/wiki/Ghost_Manor_Vol_1
907,676,1,,1971,1982,1,,https://dc.fandom.com/wiki/Ghosts_Vol_1
908,677,1,,1999,2000,1,,https://dc.fandom.com/wiki/Giantkiller_Vol_1
909,678,1,,1989,1989,1,,https://dc.fandom.com/wiki/Gilgamesh_II_Vol_1
910,679,1,,1993,1994,1,,https://dc.fandom.com/wiki/Golden_Age_Vol_1
911,680,1,,2014,2016,1,,https://dc.fandom.com/wiki/Gotham_Academy_Vol_1
982,731,5,,2018,2021,5,,https://dc.fandom.com/wiki/Hawkman_Vol_5
912,680,1.5,Gotham Academy: Second Semester,2016,2017,1,,https://dc.fandom.com/wiki/Gotham_Academy:_Second_Semester_Vol_1
913,681,1,,2015,2016,1,,https://dc.fandom.com/wiki/Gotham_by_Midnight_Vol_1
914,682,1,,2003,2006,1,,https://dc.fandom.com/wiki/Gotham_Central_Vol_1
915,683,1,,2017,2018,1,,https://dc.fandom.com/wiki/Gotham_City_Garage_Vol_1
916,684,1,,2019,2020,1,,https://dc.fandom.com/wiki/Gotham_City_Monsters_Vol_1
917,685,1,,2009,2011,1,,https://dc.fandom.com/wiki/Gotham_City_Sirens_Vol_1
918,685,2,,2024,2024,2,,https://dc.fandom.com/wiki/Gotham_City_Sirens_Vol_2
919,686,1,,2022,2023,1,,https://dc.fandom.com/wiki/Gotham_City:_Year_One_Vol_1
920,687,1,,2007,2008,1,,https://dc.fandom.com/wiki/Gotham_Underground_Vol_1
921,688,1,,2014,2016,1,,https://dc.fandom.com/wiki/Grayson_Vol_1
922,689,1,,2010,2010,1,,https://dc.fandom.com/wiki/The_Great_Ten_Vol_1
923,690,1,,1983,1983,1,,https://dc.fandom.com/wiki/Green_Arrow_Vol_1
924,690,2,,1988,1998,2,,https://dc.fandom.com/wiki/Green_Arrow_Vol_2
925,690,3,,2001,2007,3,,https://dc.fandom.com/wiki/Green_Arrow_Vol_3
926,690,4,,2010,2011,4,,https://dc.fandom.com/wiki/Green_Arrow_Vol_4
927,690,5,,2011,2016,5,,https://dc.fandom.com/wiki/Green_Arrow_Vol_5
928,690,6,,2016,2019,6,,https://dc.fandom.com/wiki/Green_Arrow_Vol_6
929,690,7,,2023,,7,,https://dc.fandom.com/wiki/Green_Arrow_Vol_7
930,691,1,,2007,2010,1,,https://dc.fandom.com/wiki/Green_Arrow_and_Black_Canary_Vol_1
931,692,1,,1987,1987,1,,https://dc.fandom.com/wiki/Green_Arrow:_The_Longbow_Hunters_Vol_1
932,693,1,,1993,1993,1,,https://dc.fandom.com/wiki/Green_Arrow:_The_Wonder_Year_Vol_1
933,694,1,,2007,2007,1,,https://dc.fandom.com/wiki/Green_Arrow:_Year_One_Vol_1
934,695,1,,2016,2016,1,,https://dc.fandom.com/wiki/Green_Lantern_Corps:_Edge_of_Oblivion_Vol_1
935,696,1,,2024,,1,,https://dc.fandom.com/wiki/Green_Lantern_Dark_Vol_1
936,697,1,,1998,2008,1,,https://dc.fandom.com/wiki/Green_Lantern_Secret_Files_and_Origins_Vol_1
937,698,1,,1988,1989,1,,https://dc.fandom.com/wiki/Green_Lantern_Special_Vol_1
938,699,1,,2011,2012,1,,https://dc.fandom.com/wiki/Green_Lantern_Super_Spectacular_Vol_1
939,700,1,,1997,1997,1,,https://dc.fandom.com/wiki/Green_Lantern/Flash:_Faster_Friends_Vol_1
940,701,1,,1983,1984,1,,https://dc.fandom.com/wiki/Green_Lantern/Green_Arrow_Vol_1
941,702,1,,2001,2001,1,,https://dc.fandom.com/wiki/Green_Lantern:_Dragon_Lord_Vol_1
942,703,1,,2018,2020,1,,https://dc.fandom.com/wiki/Green_Lantern:_Earth_One_Vol_1
943,704,1,,2002,2002,1,,https://dc.fandom.com/wiki/Green_Lantern:_Evil's_Might_Vol_1
944,705,1,,1992,1993,1,,https://dc.fandom.com/wiki/Green_Lantern:_Mosaic_Vol_1
945,706,1,,2015,2016,1,,https://dc.fandom.com/wiki/Green_Lantern:_The_Lost_Army_Vol_1
946,707,1,,2023,2024,1,,https://dc.fandom.com/wiki/Green_Lantern:_War_Journal_Vol_1
947,708,1,,2013,2014,1,,https://dc.fandom.com/wiki/Green_Team:_Teen_Trillionaires_Vol_1
948,709,1,,1991,1991,1,,https://dc.fandom.com/wiki/The_Griffin_Vol_1
949,710,1,,1994,1995,1,,https://dc.fandom.com/wiki/Guardians_of_Metropolis_Vol_1
950,711,1,,1994,1995,1,,https://dc.fandom.com/wiki/Gunfire_Vol_1
951,712,1,,1998,1999,1,,https://dc.fandom.com/wiki/Guns_of_the_Dragon_Vol_1
952,713,1,,1992,1996,1,,https://dc.fandom.com/wiki/Guy_Gardner_Vol_1
953,714,1,,1992,1992,1,,https://dc.fandom.com/wiki/Guy_Gardner_Reborn_Vol_1
954,715,1,,2007,2007,1,,https://dc.fandom.com/wiki/Guy_Gardner:_Collateral_Damage_Vol_1
955,716,1,,1992,1993,1,,https://dc.fandom.com/wiki/Hacker_Files_Vol_1
956,717,1,,1998,1998,1,,https://dc.fandom.com/wiki/Hardcore_Station_Vol_1
957,718,1,,2019,2020,1,,https://dc.fandom.com/wiki/Harleen_Vol_1
958,719,1,,2000,2004,1,,https://dc.fandom.com/wiki/Harley_Quinn_Vol_1
959,719,2,,2014,2016,2,,https://dc.fandom.com/wiki/Harley_Quinn_Vol_2
960,719,3,,2016,2020,3,,https://dc.fandom.com/wiki/Harley_Quinn_Vol_3
961,719,4,,2021,,4,,https://dc.fandom.com/wiki/Harley_Quinn_Vol_4
962,720,1,,2016,2016,1,,https://dc.fandom.com/wiki/Harley_Quinn_and_Her_Gang_of_Harleys_Vol_1
963,721,1,,2019,2020,1,,https://dc.fandom.com/wiki/Harley_Quinn_and_Poison_Ivy_Vol_1
964,722,1,,2015,2016,1,,https://dc.fandom.com/wiki/Harley_Quinn_and_Power_Girl_Vol_1
965,723,1,,2020,2021,1,,https://dc.fandom.com/wiki/Harley_Quinn_and_the_Birds_of_Prey_Vol_1
966,724,1,,2023,2024,1,,https://dc.fandom.com/wiki/Harley_Quinn:_Black_+_White_+_Redder_Vol_1
967,725,1,,2018,2018,1,,https://dc.fandom.com/wiki/Harley_Quinn:_Harley_Loves_Joker_Vol_1
968,726,1,,2016,2017,1,,https://dc.fandom.com/wiki/Harley's_Little_Black_Book_Vol_1
969,727,1,,2009,2009,1,,https://dc.fandom.com/wiki/Haunted_Tank_Vol_1
970,728,1,,2002,2002,1,,https://dc.fandom.com/wiki/Haven:_The_Broken_City_Vol_1
971,729,1,,1968,1969,1,,https://dc.fandom.com/wiki/Hawk_and_Dove_Vol_1
972,729,2,,1988,1989,2,,https://dc.fandom.com/wiki/Hawk_and_Dove_Vol_2
973,729,3,,1989,1991,3,,https://dc.fandom.com/wiki/Hawk_and_Dove_Vol_3
974,729,4,,1997,1998,4,,https://dc.fandom.com/wiki/Hawk_and_Dove_Vol_4
975,729,5,,2011,2012,5,,https://dc.fandom.com/wiki/Hawk_and_Dove_Vol_5
976,730,1,,2006,2007,1,,https://dc.fandom.com/wiki/Hawkgirl_Vol_1
977,730,2,,2023,2024,2,,https://dc.fandom.com/wiki/Hawkgirl_Vol_2
978,731,1,,1964,1968,1,,https://dc.fandom.com/wiki/Hawkman_Vol_1
979,731,2,,1986,1987,2,,https://dc.fandom.com/wiki/Hawkman_Vol_2
980,731,3,,1993,1993,3,,https://dc.fandom.com/wiki/Hawkman_Vol_3
981,731,4,,2002,2006,4,,https://dc.fandom.com/wiki/Hawkman_Vol_4
983,732,1,,1986,2008,1,,https://dc.fandom.com/wiki/Hawkman_Special_Vol_1
984,733,1,,1989,1989,1,,https://dc.fandom.com/wiki/Hawkworld_Vol_1
985,733,2,,1990,1993,2,,https://dc.fandom.com/wiki/Hawkworld_Vol_2
986,734,1,,1988,1989,1,,https://dc.fandom.com/wiki/Haywire_Vol_1
987,735,1,,1992,1993,1,,https://dc.fandom.com/wiki/The_Heckler_Vol_1
988,736,1,,2016,2018,1,,https://dc.fandom.com/wiki/The_Hellblazer_Vol_1
989,737,1,,2007,2007,1,,https://dc.fandom.com/wiki/Helmet_of_Fate_Vol_1
990,738,1,,1975,1977,1,,https://dc.fandom.com/wiki/Hercules_Unbound_Vol_1
991,739,1,,2003,2005,1,,https://dc.fandom.com/wiki/H-E-R-O_Vol_1
992,740,1,,1989,1989,1,,https://dc.fandom.com/wiki/Hero_Hotline_Vol_1
993,741,1,,2018,2019,1,,https://dc.fandom.com/wiki/Heroes_in_Crisis_Vol_1
994,742,1,,1985,1987,1,,https://dc.fandom.com/wiki/Hex_Vol_1
995,743,1,,1986,1986,1,,https://dc.fandom.com/wiki/History_of_the_DC_Universe_Vol_1
996,744,1,,1996,2001,1,,https://dc.fandom.com/wiki/Hitman_Vol_1
997,745,1,,1999,2001,1,,https://dc.fandom.com/wiki/Hourman_Vol_1
998,746,1,,1956,1978,1,,https://dc.fandom.com/wiki/House_of_Secrets_Vol_1
999,746,2,,1996,1999,2,,https://dc.fandom.com/wiki/House_of_Secrets_Vol_2
1000,747,1,,2001,2001,1,,https://dc.fandom.com/wiki/House_of_Secrets:_Facade_Vol_1
1001,748,1,,2018,2020,1,,https://dc.fandom.com/wiki/House_of_Whispers_Vol_1
1002,749,1,,2013,2013,1,,https://dc.fandom.com/wiki/Human_Bomb_Vol_1
1003,750,1,,2003,2003,1,,https://dc.fandom.com/wiki/Human_Defense_Corps_Vol_1
1004,751,1,,2005,2005,1,,https://dc.fandom.com/wiki/Human_Race_Vol_1
1005,752,1,,1999,1999,1,,https://dc.fandom.com/wiki/Human_Target_Vol_1
1006,752,2,,2003,2005,2,,https://dc.fandom.com/wiki/Human_Target_Vol_2
1007,752,3,,2010,2010,3,,https://dc.fandom.com/wiki/Human_Target_Vol_3
1008,753,1,,2022,2023,1,,https://dc.fandom.com/wiki/The_Human_Target_Vol_1
1009,754,1,,1989,1990,1,,https://dc.fandom.com/wiki/Huntress_Vol_1
1010,754,2,,1994,1994,2,,https://dc.fandom.com/wiki/Huntress_Vol_2
1011,754,3,,2011,2012,3,,https://dc.fandom.com/wiki/Huntress_Vol_3
1012,755,1,,2008,2008,1,,https://dc.fandom.com/wiki/Huntress:_Year_One_Vol_1
1013,756,1,,2021,2023,1,,https://dc.fandom.com/wiki/I_Am_Batman_Vol_1
1014,757,1,,2011,2013,1,,"https://dc.fandom.com/wiki/I,_Vampire_Vol_1"
1015,758,1,,2003,2004,1,,https://dc.fandom.com/wiki/ICandy_Vol_1
1016,759,1,,2004,2005,1,,https://dc.fandom.com/wiki/Identity_Crisis_Vol_1
1017,760,1,,1985,1985,1,,https://dc.fandom.com/wiki/Immortal_Doctor_Fate_Vol_1
1018,761,1,,2018,2018,1,,https://dc.fandom.com/wiki/The_Immortal_Men_Vol_1
1019,762,1,,1995,2002,1,,https://dc.fandom.com/wiki/Impulse_Vol_1
1020,763,1,,1967,1972,1,,https://dc.fandom.com/wiki/Inferior_Five_Vol_1
1021,763,2,,2019,2021,2,,https://dc.fandom.com/wiki/Inferior_Five_Vol_2
1022,764,1,,1997,1998,1,,https://dc.fandom.com/wiki/Inferno_Vol_1
1023,765,1,,2005,2006,1,,https://dc.fandom.com/wiki/Infinite_Crisis_Vol_1
1024,766,1,,2014,2015,1,,https://dc.fandom.com/wiki/Infinite_Crisis:_Fight_for_the_Multiverse_Vol_1
1025,767,1,,2021,2021,1,,https://dc.fandom.com/wiki/Infinite_Frontier_Vol_1
1026,768,1,,1984,1988,1,,https://dc.fandom.com/wiki/Infinity_Inc._Vol_1
1027,768,2,,2007,2008,2,,https://dc.fandom.com/wiki/Infinity_Inc._Vol_2
1028,769,1,,2014,2015,1,,https://dc.fandom.com/wiki/Infinity_Man_and_the_Forever_People_Vol_1
1029,777,2,Injustice 2,2017,2018,1,,https://dc.fandom.com/wiki/Injustice_2_Vol_1
1030,770,1,,2018,2019,1,,https://dc.fandom.com/wiki/Injustice_vs._Masters_of_the_Universe_Vol_1
1031,771,1,,2013,2014,1,,https://dc.fandom.com/wiki/Injustice:_Gods_Among_Us_Vol_1
1032,771,1.5,Injustice: Gods Among Us: Year Five,2016,2016,1,,https://dc.fandom.com/wiki/Injustice:_Gods_Among_Us:_Year_Five_Vol_1
1033,771,1.4,Injustice: Gods Among Us: Year Four,2015,2015,1,,https://dc.fandom.com/wiki/Injustice:_Gods_Among_Us:_Year_Four_Vol_1
1034,771,1.3,Injustice: Gods Among Us: Year Three,2014,2015,1,,https://dc.fandom.com/wiki/Injustice:_Gods_Among_Us:_Year_Three_Vol_1
1035,771,1.2,Injustice: Gods Among Us: Year Two,2014,2014,1,,https://dc.fandom.com/wiki/Injustice:_Gods_Among_Us:_Year_Two_Vol_1
1036,772,1,,2016,2016,1,,https://dc.fandom.com/wiki/Injustice:_Ground_Zero_Vol_1
1037,773,1,,2013,2013,1,,https://dc.fandom.com/wiki/Insurgent_Vol_1
1038,774,1,,1989,1989,1,,https://dc.fandom.com/wiki/Invasion!_Vol_1
1039,775,1,,2006,2007,1,,https://dc.fandom.com/wiki/Ion_Vol_1
1040,776,1,,2005,2006,1,,https://dc.fandom.com/wiki/Jack_Cross_Vol_1
1041,777,1,,2023,2024,1,,https://dc.fandom.com/wiki/Jay_Garrick:_The_Flash_Vol_1
1042,778,1,,1984,1985,1,,"https://dc.fandom.com/wiki/Jemm,_Son_of_Saturn_Vol_1"
1043,779,1,,1998,2000,1,,https://dc.fandom.com/wiki/JLA_80-Page_Giant_Vol_1
1044,780,1,,2005,2008,1,,https://dc.fandom.com/wiki/JLA_Classified_Vol_1
1045,781,1,,2006,2006,1,,https://dc.fandom.com/wiki/JLA_Classified:_Cold_Steel_Vol_1
1046,782,1,,2001,2002,1,,https://dc.fandom.com/wiki/JLA_Incarnations_Vol_1
1047,783,1,,1997,2004,1,,https://dc.fandom.com/wiki/JLA_Secret_Files_and_Origins_Vol_1
1048,784,1,,2007,2007,1,,https://dc.fandom.com/wiki/JLA/Hitman_Vol_1
1049,785,1,,2003,2003,1,,https://dc.fandom.com/wiki/JLA/The_Spectre:_Soul_War_Vol_1
1050,786,1,,1998,1999,1,,https://dc.fandom.com/wiki/JLA/Titans_Vol_1
1051,787,1,,2000,2001,1,,https://dc.fandom.com/wiki/JLA:_Act_of_God_Vol_1
1052,788,1,,2003,2003,1,,https://dc.fandom.com/wiki/JLA:_Age_of_Wonder_Vol_1
1053,789,1,,2001,2001,1,,https://dc.fandom.com/wiki/JLA:_Black_Baptism_Vol_1
1054,790,1,,2000,2000,1,,https://dc.fandom.com/wiki/JLA:_Created_Equal_Vol_1
1055,791,1,,2002,2002,1,,https://dc.fandom.com/wiki/JLA:_Destiny_Vol_1
1056,792,1,,2001,2002,1,,https://dc.fandom.com/wiki/JLA:_Gatekeeper_Vol_1
1057,793,1,,1998,1998,1,,https://dc.fandom.com/wiki/JLA:_Paradise_Lost_Vol_1
1058,794,1,,2003,2003,1,,https://dc.fandom.com/wiki/JLA:_Scary_Monsters_Vol_1
1059,795,1,,2000,2000,1,,https://dc.fandom.com/wiki/JLA:_Secret_Society_of_Super-Heroes_Vol_1
1060,796,1,,1998,1998,1,,https://dc.fandom.com/wiki/JLA:_World_Without_Grown-Ups_Vol_1
1061,797,1,,1998,1998,1,,https://dc.fandom.com/wiki/JLA:_Year_One_Vol_1
1062,798,1,,2003,2004,1,,https://dc.fandom.com/wiki/JLA-Z_Vol_1
1063,799,1,,2012,2013,1,,https://dc.fandom.com/wiki/Joe_Kubert_Presents_Vol_1
1064,800,1,,1973,1973,1,,https://dc.fandom.com/wiki/Johnny_Thunder_Vol_1
1065,801,1,,2021,2022,1,,https://dc.fandom.com/wiki/The_Joker_Presents:_A_Puzzlebox_Vol_1
1066,802,1,,1975,2019,1,,https://dc.fandom.com/wiki/The_Joker_Vol_1
1067,802,2,,2021,2022,2,,https://dc.fandom.com/wiki/The_Joker_Vol_2
1068,803,1,,2019,2021,1,,https://dc.fandom.com/wiki/Joker/Harley:_Criminal_Sanity_Vol_1
1069,804,1,,2019,2020,1,,https://dc.fandom.com/wiki/Joker:_Killer_Smile_Vol_1
1070,805,1,,2001,2002,1,,https://dc.fandom.com/wiki/Joker:_Last_Laugh_Vol_1
1071,806,1,,2023,2024,1,,https://dc.fandom.com/wiki/Joker:_One_Operation_Joker_Vol_1
1072,807,1,,2022,2024,1,,https://dc.fandom.com/wiki/The_Joker:_The_Man_Who_Stopped_Laughing_Vol_1
1073,808,1,,2008,2010,1,,https://dc.fandom.com/wiki/Joker's_Asylum_Vol_1
1074,809,1,,1977,1985,1,,https://dc.fandom.com/wiki/Jonah_Hex_Vol_1
1075,809,2,,2006,2011,2,,https://dc.fandom.com/wiki/Jonah_Hex_Vol_2
1076,810,1,,1979,1980,1,,https://dc.fandom.com/wiki/Jonah_Hex_and_Other_Western_Tales_Vol_1
1077,811,1,,1995,1995,1,,https://dc.fandom.com/wiki/Jonah_Hex:_Riders_of_the_Worm_and_Such_Vol_1
1078,812,1,,1999,1999,1,,https://dc.fandom.com/wiki/Jonah_Hex:_Shadows_West_Vol_1
1079,813,1,,1993,1993,1,,https://dc.fandom.com/wiki/Jonah_Hex:_Two-Gun_Mojo_Vol_1
1080,814,1,,1985,1985,1,,https://dc.fandom.com/wiki/Jonni_Thunder_Vol_1
1081,815,1,,1999,2006,1,,https://dc.fandom.com/wiki/JSA_Vol_1
1082,815,2,,2025,,2,,https://dc.fandom.com/wiki/JSA_Vol_2
1083,816,1,,2010,2011,1,,https://dc.fandom.com/wiki/JSA_All-Stars_Vol_1
1084,817,1,,2005,2008,1,,https://dc.fandom.com/wiki/JSA_Classified_Vol_1
1085,818,1,,2013,2013,1,,https://dc.fandom.com/wiki/JSA_Liberty_Files:_The_Whistling_Skull_Vol_1
1086,819,1,,2009,2010,1,,https://dc.fandom.com/wiki/JSA_vs._Kobra_Vol_1
1087,820,1,,2003,2004,1,,https://dc.fandom.com/wiki/JSA:_All_Stars_Vol_1
1088,821,1,,2004,2005,1,,https://dc.fandom.com/wiki/JSA:_Strange_Adventures_Vol_1
1089,822,1,,2000,2000,1,,https://dc.fandom.com/wiki/JSA:_The_Liberty_File_Vol_1
1090,823,1,,2003,2003,1,,https://dc.fandom.com/wiki/JSA:_The_Unholy_Three_Vol_1
1091,824,1,,1966,1967,1,,https://dc.fandom.com/wiki/Judomaster_Vol_1
1092,825,1,,2022,2022,1,,https://dc.fandom.com/wiki/The_Jurassic_League_Vol_1
1093,826,1,,2005,2007,1,,https://dc.fandom.com/wiki/Justice_Vol_1
1094,827,1,,2014,2015,1,,https://dc.fandom.com/wiki/Justice_League_3000_Vol_1
1095,828,1,,2015,2016,1,,https://dc.fandom.com/wiki/Justice_League_3001_Vol_1
1096,829,1,,2002,2004,1,,https://dc.fandom.com/wiki/Justice_League_Adventures_Vol_1
1097,830,1,,2018,2019,1,,https://dc.fandom.com/wiki/Justice_League_Giant_Vol_1
1098,831,1,,2022,2022,1,,https://dc.fandom.com/wiki/Justice_League_Incarnate_Vol_1
1099,832,1,,2021,2022,1,,https://dc.fandom.com/wiki/Justice_League_Infinity_Vol_1
1100,833,1,,2010,2011,1,,https://dc.fandom.com/wiki/Justice_League_of_America/The_99_Vol_1
1101,834,1,,2013,2014,1,,https://dc.fandom.com/wiki/Justice_League_of_America's_Vibe_Vol_1
1102,835,1,,2014,2016,1,,https://dc.fandom.com/wiki/Justice_League_United_Vol_1
1103,836,1,,2023,2024,1,,https://dc.fandom.com/wiki/Justice_League_vs._Godzilla_vs._Kong_Vol_1
1104,836,2,Justice League vs Godzilla vs Kong 2,2025,,1,,https://dc.fandom.com/wiki/Justice_League_vs_Godzilla_vs_Kong_2_Vol_1
1105,837,1,,2017,2017,1,,https://dc.fandom.com/wiki/Justice_League_vs._Suicide_Squad_Vol_1
1106,838,1,,2022,2022,1,,https://dc.fandom.com/wiki/Justice_League_vs._the_Legion_of_Super-Heroes_Vol_1
1107,839,1,,2017,2017,1,,https://dc.fandom.com/wiki/Justice_League/Power_Rangers_Vol_1
1108,840,1,,2004,2004,1,,https://dc.fandom.com/wiki/Justice_League:_Another_Nail_Vol_1
1109,841,1,,2009,2010,1,,https://dc.fandom.com/wiki/Justice_League:_Cry_for_Justice_Vol_1
1110,842,1,,2021,2021,1,,https://dc.fandom.com/wiki/Justice_League:_Endless_Winter_Vol_1
1111,843,1,,2010,2011,1,,https://dc.fandom.com/wiki/Justice_League:_Generation_Lost_Vol_1
1112,844,1,,2015,2015,1,,https://dc.fandom.com/wiki/Justice_League:_Gods_and_Monsters_Vol_1
1113,845,1,,2021,2022,1,,https://dc.fandom.com/wiki/Justice_League:_Last_Ride_Vol_1
1114,846,1,,2018,2018,1,,https://dc.fandom.com/wiki/Justice_League:_No_Justice_Vol_1
1115,847,1,,2025,2025,1,,https://dc.fandom.com/wiki/Justice_League:_The_Atom_Project_Vol_1
1116,848,1,,2015,2016,1,,https://dc.fandom.com/wiki/Justice_League:_The_Darkseid_War_Vol_1
1117,849,1,,1998,1998,1,,https://dc.fandom.com/wiki/Justice_League:_The_Nail_Vol_1
1118,850,1,,2010,2010,1,,https://dc.fandom.com/wiki/Justice_League:_The_Rise_of_Arsenal_Vol_1
1119,851,1,,2001,2001,1,,https://dc.fandom.com/wiki/Justice_Leagues_Vol_1
1120,852,1,,1991,1991,1,,https://dc.fandom.com/wiki/Justice_Society_of_America_Vol_1
1121,852,2,,1992,1993,2,,https://dc.fandom.com/wiki/Justice_Society_of_America_Vol_2
1122,852,3,,2007,2011,3,,https://dc.fandom.com/wiki/Justice_Society_of_America_Vol_3
1123,852,4,,2023,2024,4,,https://dc.fandom.com/wiki/Justice_Society_of_America_Vol_4
1124,853,1,,1975,1975,1,,"https://dc.fandom.com/wiki/Justice,_Inc._Vol_1"
1125,853,2,,1989,1989,2,,"https://dc.fandom.com/wiki/Justice,_Inc._Vol_2"
1126,854,1,,1972,1978,1,,https://dc.fandom.com/wiki/Kamandi_Vol_1
1127,855,1,,2017,2018,1,,https://dc.fandom.com/wiki/The_Kamandi_Challenge_Vol_1
1128,856,1,,1993,1993,1,,https://dc.fandom.com/wiki/Kamandi:_At_Earth's_End_Vol_1
1129,857,1,,1976,1978,1,,https://dc.fandom.com/wiki/Karate_Kid_Vol_1
1130,858,1,,2013,2014,1,,https://dc.fandom.com/wiki/Katana_Vol_1
1131,859,1,,1997,1998,1,,https://dc.fandom.com/wiki/The_Kents_Vol_1
1132,860,1,,1946,1949,1,,https://dc.fandom.com/wiki/Kid_Eternity_Vol_1
1133,860,2,,1991,1991,2,,https://dc.fandom.com/wiki/Kid_Eternity_Vol_2
1134,860,3,,1993,1994,3,,https://dc.fandom.com/wiki/Kid_Eternity_Vol_3
1135,861,1,,1996,1996,1,,https://dc.fandom.com/wiki/Kingdom_Come_Vol_1
1136,862,1,,1999,1999,1,,https://dc.fandom.com/wiki/The_Kingdom_Vol_1
1137,863,1,,2014,2015,1,,https://dc.fandom.com/wiki/Klarion_Vol_1
1138,864,1,,2024,2024,1,,https://dc.fandom.com/wiki/Kneel_Before_Zod_Vol_1
1139,865,1,,2010,2011,1,,https://dc.fandom.com/wiki/Knight_and_Squire_Vol_1
1140,866,1,,2023,2023,1,,https://dc.fandom.com/wiki/Knight_Terrors_Vol_1
1141,867,1,,2023,2023,1,,https://dc.fandom.com/wiki/Knight_Terrors:_Action_Comics_Vol_1
1142,868,1,,2023,2023,1,,https://dc.fandom.com/wiki/Knight_Terrors:_Angel_Breaker_Vol_1
1143,869,1,,2023,2023,1,,https://dc.fandom.com/wiki/Knight_Terrors:_Batman_Vol_1
1144,870,1,,2023,2023,1,,https://dc.fandom.com/wiki/Knight_Terrors:_Black_Adam_Vol_1
1145,871,1,,2023,2023,1,,https://dc.fandom.com/wiki/Knight_Terrors:_Catwoman_Vol_1
1146,872,1,,2023,2023,1,,https://dc.fandom.com/wiki/Knight_Terrors:_Detective_Comics_Vol_1
1147,873,1,,2023,2023,1,,https://dc.fandom.com/wiki/Knight_Terrors:_Green_Lantern_Vol_1
1148,874,1,,2023,2023,1,,https://dc.fandom.com/wiki/Knight_Terrors:_Harley_Quinn_Vol_1
1149,875,1,,2023,2023,1,,https://dc.fandom.com/wiki/Knight_Terrors:_Nightwing_Vol_1
1150,876,1,,2023,2023,1,,https://dc.fandom.com/wiki/Knight_Terrors:_Poison_Ivy_Vol_1
1151,877,1,,2023,2023,1,,https://dc.fandom.com/wiki/Knight_Terrors:_Punchline_Vol_1
1152,878,1,,2023,2023,1,,https://dc.fandom.com/wiki/Knight_Terrors:_Ravager_Vol_1
1153,879,1,,2023,2023,1,,https://dc.fandom.com/wiki/Knight_Terrors:_Robin_Vol_1
1154,880,1,,2023,2023,1,,https://dc.fandom.com/wiki/Knight_Terrors:_Shazam!_Vol_1
1155,881,1,,2023,2023,1,,https://dc.fandom.com/wiki/Knight_Terrors:_Superman_Vol_1
1156,882,1,,2023,2023,1,,https://dc.fandom.com/wiki/Knight_Terrors:_The_Flash_Vol_1
1157,883,1,,2023,2023,1,,https://dc.fandom.com/wiki/Knight_Terrors:_The_Joker_Vol_1
1158,884,1,,2023,2023,1,,https://dc.fandom.com/wiki/Knight_Terrors:_Titans_Vol_1
1159,885,1,,2023,2023,1,,https://dc.fandom.com/wiki/Knight_Terrors:_Wonder_Woman_Vol_1
1160,886,1,,2023,2023,1,,https://dc.fandom.com/wiki/Knight_Terrors:_Zatanna_Vol_1
1161,887,1,,1976,1977,1,,https://dc.fandom.com/wiki/Kobra_Vol_1
1162,888,1,,1975,1976,1,,https://dc.fandom.com/wiki/Kong_the_Untamed_Vol_1
1163,889,1,,1981,1981,1,,https://dc.fandom.com/wiki/Krypton_Chronicles_Vol_1
1164,890,1,,1989,1994,1,,https://dc.fandom.com/wiki/L.E.G.I.O.N._Vol_1
1165,891,1,,2002,2003,1,,https://dc.fandom.com/wiki/Lab_Rats_Vol_1
1166,892,1,,2013,2014,1,,https://dc.fandom.com/wiki/Larfleeze_Vol_1
1167,893,1,,2009,2009,1,,https://dc.fandom.com/wiki/The_Last_Days_of_Animal_Man_Vol_1
1168,894,1,,2000,2000,1,,https://dc.fandom.com/wiki/Lazarus_Five_Vol_1
1169,895,1,,2023,2023,1,,https://dc.fandom.com/wiki/Lazarus_Planet_Vol_1
1170,896,1,,2023,2023,1,,https://dc.fandom.com/wiki/Lazarus_Planet:_Revenge_of_the_Gods_Vol_1
1171,897,1,,1996,1996,1,,https://dc.fandom.com/wiki/League_of_Justice_Vol_1
1172,898,1,,2000,2000,1,,https://dc.fandom.com/wiki/Legend_of_the_Hawkman_Vol_1
1173,899,1,,1986,1986,1,,https://dc.fandom.com/wiki/The_Legend_of_Wonder_Woman_Vol_1
1174,899,2,,2016,2016,2,,https://dc.fandom.com/wiki/The_Legend_of_Wonder_Woman_Vol_2
1175,900,1,,1986,1987,1,,https://dc.fandom.com/wiki/Legends_Vol_1
1176,901,1,,2012,2013,1,,https://dc.fandom.com/wiki/Legends_of_the_Dark_Knight_Vol_1
1177,901,2,,2021,2022,2,,https://dc.fandom.com/wiki/Legends_of_the_Dark_Knight_Vol_2
1178,902,1,,2014,2015,1,,https://dc.fandom.com/wiki/Legends_of_the_Dark_Knight_100-Page_Super_Spectacular_Vol_1
1179,903,1,,1998,2001,1,,https://dc.fandom.com/wiki/Legends_of_the_DC_Universe_Vol_1
1180,904,1,,1998,1998,1,,https://dc.fandom.com/wiki/Legends_of_the_Legion_Vol_1
1181,905,1,,2016,2016,1,,https://dc.fandom.com/wiki/Legends_of_Tomorrow_Vol_1
1182,906,1,,2007,2009,1,,https://dc.fandom.com/wiki/Legion_of_Super-Heroes_in_the_31st_Century_Vol_1
1183,907,1,,2019,2019,1,,https://dc.fandom.com/wiki/Legion_of_Super-Heroes:_Millennium_Vol_1
1184,908,1,,2001,2001,1,,https://dc.fandom.com/wiki/Legion_Worlds_Vol_1
1185,909,1,,1998,1998,1,,https://dc.fandom.com/wiki/Legion:_Science_Police_Vol_1
1186,910,1,,2011,2012,1,,https://dc.fandom.com/wiki/Legion:_Secret_Origin_Vol_1
1187,911,1,,1986,1986,1,,https://dc.fandom.com/wiki/Legionnaires_3_Vol_1
1188,912,1,,2005,2005,1,,https://dc.fandom.com/wiki/Lex_Luthor:_Man_of_Steel_Vol_1
1189,913,1,,2004,2004,1,,https://dc.fandom.com/wiki/The_Light_Brigade_Vol_1
1190,914,1,,1999,2000,1,,https://dc.fandom.com/wiki/Living_Assault_Weapons_Vol_1
1191,915,1,,1990,1991,1,,https://dc.fandom.com/wiki/Lobo_Vol_1
1192,915,2,,1993,1999,2,,https://dc.fandom.com/wiki/Lobo_Vol_2
1193,915,3,,2014,2016,3,,https://dc.fandom.com/wiki/Lobo_Vol_3
1194,916,1,,2003,2004,1,,https://dc.fandom.com/wiki/Lobo_Unbound_Vol_1
1195,917,1,,1997,1997,1,,https://dc.fandom.com/wiki/Lobo/Mask_Vol_1
1196,918,1,,1994,1994,1,,https://dc.fandom.com/wiki/Lobo:_A_Contract_on_Gawd_Vol_1
1197,919,1,,1996,1997,1,,https://dc.fandom.com/wiki/Lobo:_Death_and_Taxes_Vol_1
1198,920,1,,2010,2010,1,,https://dc.fandom.com/wiki/Lobo:_Highway_to_Hell_Vol_1
1199,921,1,,1992,1993,1,,https://dc.fandom.com/wiki/Lobo:_Infanticide_Vol_1
1200,922,1,,1993,1993,1,,https://dc.fandom.com/wiki/Lobo:_Unamerican_Gladiators_Vol_1
1201,923,1,,1992,1992,1,,https://dc.fandom.com/wiki/Lobo's_Back_Vol_1
1202,924,1,,1986,1986,1,,https://dc.fandom.com/wiki/Lois_Lane_Vol_1
1203,924,2,,2019,2020,2,,https://dc.fandom.com/wiki/Lois_Lane_Vol_2
1204,925,1,,1995,1995,1,,https://dc.fandom.com/wiki/Loose_Cannon_Vol_1
1205,926,1,,1986,1986,1,,https://dc.fandom.com/wiki/Lords_of_the_Ultra-Realm_Vol_1
1206,927,1,,2012,2013,1,,https://dc.fandom.com/wiki/Lot_13_Vol_1
1207,928,1,,1981,1981,1,,https://dc.fandom.com/wiki/Madame_Xanadu_Vol_1
1208,928,2,,2008,2011,2,,https://dc.fandom.com/wiki/Madame_Xanadu_Vol_2
1209,929,1,,2009,2010,1,,https://dc.fandom.com/wiki/Magog_Vol_1
1210,930,1,,1976,1976,1,,https://dc.fandom.com/wiki/Man-Bat_Vol_1
1211,930,2,,1996,1996,2,,https://dc.fandom.com/wiki/Man-Bat_Vol_2
1212,930,3,,2006,2006,3,,https://dc.fandom.com/wiki/Man-Bat_Vol_3
1213,930,4,,2021,2021,4,,https://dc.fandom.com/wiki/Man-Bat_Vol_4
1214,931,1,,1988,1990,1,,https://dc.fandom.com/wiki/Manhunter_Vol_1
1215,931,2,,1994,1995,2,,https://dc.fandom.com/wiki/Manhunter_Vol_2
1216,931,3,,2004,2009,3,,https://dc.fandom.com/wiki/Manhunter_Vol_3
1217,932,1,,1988,1988,1,,https://dc.fandom.com/wiki/Martian_Manhunter_Vol_1
1218,932,2,,1998,2001,2,,https://dc.fandom.com/wiki/Martian_Manhunter_Vol_2
1219,932,3,,2006,2007,3,,https://dc.fandom.com/wiki/Martian_Manhunter_Vol_3
1220,932,4,,2015,2016,4,,https://dc.fandom.com/wiki/Martian_Manhunter_Vol_4
1221,932,5,,2019,2020,5,,https://dc.fandom.com/wiki/Martian_Manhunter_Vol_5
1222,933,1,,1992,1992,1,,https://dc.fandom.com/wiki/Martian_Manhunter:_American_Secrets_Vol_1
1223,934,1,,1985,1986,1,,https://dc.fandom.com/wiki/MASK_Vol_1
1224,934,2,,1987,1987,2,,https://dc.fandom.com/wiki/MASK_Vol_2
1225,935,1,,1977,1980,1,,https://dc.fandom.com/wiki/Men_of_War_Vol_1
1226,935,2,,2011,2012,2,,https://dc.fandom.com/wiki/Men_of_War_Vol_2
1227,936,1,,2018,2018,1,,https://dc.fandom.com/wiki/Mera:_Queen_of_Atlantis_Vol_1
1228,937,1,,1963,1978,1,,https://dc.fandom.com/wiki/Metal_Men_Vol_1
1229,937,2,,1993,1994,2,,https://dc.fandom.com/wiki/Metal_Men_Vol_2
1230,937,3,,2007,2008,3,,https://dc.fandom.com/wiki/Metal_Men_Vol_3
1231,937,4,,2019,2021,4,,https://dc.fandom.com/wiki/Metal_Men_Vol_4
1232,938,1,,1965,1968,1,,https://dc.fandom.com/wiki/Metamorpho_Vol_1
1233,938,2,,1993,1993,2,,https://dc.fandom.com/wiki/Metamorpho_Vol_2
1234,939,1,,2025,2025,1,,https://dc.fandom.com/wiki/Metamorpho:_The_Element_Man_Vol_1
1235,940,1,,2007,2008,1,,https://dc.fandom.com/wiki/Metamorpho:_Year_One_Vol_1
1236,941,1,,1994,1995,1,,https://dc.fandom.com/wiki/Metropolis_S.C.U._Vol_1
1237,942,1,,2007,2008,1,,https://dc.fandom.com/wiki/Midnighter_Vol_1
1238,942,2,,2015,2016,2,,https://dc.fandom.com/wiki/Midnighter_Vol_2
1239,943,1,,2016,2017,1,,https://dc.fandom.com/wiki/Midnighter_and_Apollo_Vol_1
1240,944,1,,2010,2011,1,,https://dc.fandom.com/wiki/Mighty_Crusaders_Vol_1
1241,945,1,,2009,2010,1,,https://dc.fandom.com/wiki/The_Mighty_Vol_1
1242,946,1,,1991,1991,1,,https://dc.fandom.com/wiki/Mister_E_Vol_1
1243,947,1,,2021,2022,1,,https://dc.fandom.com/wiki/Mister_Miracle:_The_Source_of_Freedom_Vol_1
1244,948,1,,2011,2012,1,,https://dc.fandom.com/wiki/Mister_Terrific_Vol_1
1245,949,1,,2021,2023,1,,https://dc.fandom.com/wiki/Monkey_Prince_Vol_1
1246,950,1,,2004,2005,1,,https://dc.fandom.com/wiki/Monolith_Vol_1
1247,951,1,,2017,2017,1,,https://dc.fandom.com/wiki/Mother_Panic_Vol_1
1248,951,1.5,Mother Panic: Gotham A.D.,2018,2018,1,,https://dc.fandom.com/wiki/Mother_Panic:_Gotham_A.D._Vol_1
1249,952,1,,2013,2014,1,,https://dc.fandom.com/wiki/The_Movement_Vol_1
1250,953,1,,2025,,1,,https://dc.fandom.com/wiki/Mr._Terrific:_Year_One_Vol_1
1251,954,1,,2014,2015,1,,https://dc.fandom.com/wiki/The_Multiversity_Vol_1
1252,955,1,,2023,2023,1,,https://dc.fandom.com/wiki/Multiversity:_Harley_Screws_Up_the_DCU_Vol_1
1253,956,1,,2022,2023,1,,https://dc.fandom.com/wiki/Multiversity:_Teen_Justice_Vol_1
1254,957,1,,1955,1964,1,,https://dc.fandom.com/wiki/My_Greatest_Adventure_Vol_1
1255,957,2,,2011,2012,2,,https://dc.fandom.com/wiki/My_Greatest_Adventure_Vol_2
1256,958,1,,1992,1992,1,,https://dc.fandom.com/wiki/My_Name_Is_Chaos_Vol_1
1257,959,1,,2018,2018,1,,https://dc.fandom.com/wiki/Mystik_U_Vol_1
1258,960,1,,2019,2019,1,,https://dc.fandom.com/wiki/Naomi_Vol_1
1259,960,2,Naomi: Season Two,2022,2022,1,,https://dc.fandom.com/wiki/Naomi:_Season_Two_Vol_1
1260,961,1,,1984,1984,1,,https://dc.fandom.com/wiki/Nathaniel_Dusk_Vol_1
1261,961,2,,1985,1986,2,,https://dc.fandom.com/wiki/Nathaniel_Dusk_Vol_2
1262,962,1,,1940,1949,1,,https://dc.fandom.com/wiki/National_Comics_Vol_1
1263,962,2,,2012,2012,2,,https://dc.fandom.com/wiki/National_Comics_Vol_2
1264,963,1,,1990,1991,1,,https://dc.fandom.com/wiki/Nazz_Vol_1
1265,964,1,,2010,2010,1,,https://dc.fandom.com/wiki/Nemesis:_The_Impostors_Vol_1
1266,965,1,,2014,2015,1,,https://dc.fandom.com/wiki/The_New_52:_Futures_End_Vol_1
1267,966,1,,1936,1938,1,,https://dc.fandom.com/wiki/New_Book_of_Comics_Vol_1
1268,967,1,,2018,2018,1,,https://dc.fandom.com/wiki/New_Challengers_Vol_1
1269,968,1,,2022,2023,1,,https://dc.fandom.com/wiki/The_New_Champion_of_Shazam!_Vol_1
1270,969,1,,2025,,1,,https://dc.fandom.com/wiki/The_New_Gods_Vol_1
1271,970,1,,2014,2016,1,,https://dc.fandom.com/wiki/New_Suicide_Squad_Vol_1
1272,971,1,,2016,2018,1,,https://dc.fandom.com/wiki/New_Super-Man_Vol_1
1273,972,1,,2018,2018,1,,https://dc.fandom.com/wiki/New_Super-Man_and_the_Justice_League_of_China_Vol_1
1274,973,1,,1980,1984,1,,https://dc.fandom.com/wiki/New_Teen_Titans_Vol_1
1275,973,2,,1984,1996,2,,https://dc.fandom.com/wiki/New_Teen_Titans_Vol_2
1276,974,1,,1998,1998,1,,https://dc.fandom.com/wiki/New_Year's_Evil_Vol_1
1277,975,1,,1939,1940,1,,https://dc.fandom.com/wiki/New_York_World's_Fair_Comics_Vol_1
1278,976,1,,2021,2021,1,,https://dc.fandom.com/wiki/The_Next_Batman:_Second_Son_Vol_1
1279,977,1,,2006,2007,1,,https://dc.fandom.com/wiki/The_Next_Vol_1
1280,978,1,,1982,1983,1,,https://dc.fandom.com/wiki/Night_Force_Vol_1
1281,978,2,,1996,1997,2,,https://dc.fandom.com/wiki/Night_Force_Vol_2
1282,978,3,,2012,2012,3,,https://dc.fandom.com/wiki/Night_Force_Vol_3
1283,979,1,,1995,1995,1,,https://dc.fandom.com/wiki/Nightwing_Vol_1
1284,979,2,,1996,2009,2,,https://dc.fandom.com/wiki/Nightwing_Vol_2
1285,979,3,,2011,2014,3,,https://dc.fandom.com/wiki/Nightwing_Vol_3
1286,979,4,,2016,,4,,https://dc.fandom.com/wiki/Nightwing_Vol_4
1287,980,1,,1998,1998,1,,https://dc.fandom.com/wiki/Nightwing/Huntress_Vol_1
1288,981,1,,2017,2018,1,,https://dc.fandom.com/wiki/Nightwing:_The_New_Order_Vol_1
1289,982,1,,2021,2022,1,,https://dc.fandom.com/wiki/Nubia_and_the_Amazons_Vol_1
1290,983,1,,2022,2022,1,,https://dc.fandom.com/wiki/Nubia:_Queen_of_the_Amazons_Vol_1
1291,984,1,,2017,2017,1,,https://dc.fandom.com/wiki/The_Odyssey_of_the_Amazons_Vol_1
1292,985,1,,2018,2019,1,,https://dc.fandom.com/wiki/Old_Lady_Harley_Vol_1
1293,986,1,,1974,1975,1,,https://dc.fandom.com/wiki/OMAC_Vol_1
1294,986,2,,1991,1991,2,,https://dc.fandom.com/wiki/OMAC_Vol_2
1295,986,3,,2006,2007,3,,https://dc.fandom.com/wiki/OMAC_Vol_3
1296,986,4,,2011,2012,4,,https://dc.fandom.com/wiki/OMAC_Vol_4
1297,987,1,,2005,2006,1,,https://dc.fandom.com/wiki/OMAC_Project_Vol_1
1298,988,1,,2022,2022,1,,https://dc.fandom.com/wiki/One-Star_Squadron_Vol_1
1299,989,1,,2009,2009,1,,https://dc.fandom.com/wiki/Oracle:_The_Cure_Vol_1
1300,990,1,,2021,2021,1,,https://dc.fandom.com/wiki/The_Other_History_of_the_DC_Universe_Vol_1
1301,991,1,,1952,1977,1,,https://dc.fandom.com/wiki/Our_Army_at_War_Vol_1
1302,992,1,,1954,1978,1,,https://dc.fandom.com/wiki/Our_Fighting_Forces_Vol_1
1303,993,1,,2001,2001,1,,https://dc.fandom.com/wiki/Our_Worlds_at_War_Vol_1
1304,994,1,,1987,1988,1,,https://dc.fandom.com/wiki/Outcasts_Vol_1
1305,995,1,,1991,1992,1,,https://dc.fandom.com/wiki/Outlaws_Vol_1
1306,996,1,,1985,1988,1,,https://dc.fandom.com/wiki/Outsiders_Vol_1
1307,996,2,,1993,1995,2,,https://dc.fandom.com/wiki/Outsiders_Vol_2
1308,996,3,,2003,2007,3,,https://dc.fandom.com/wiki/Outsiders_Vol_3
1309,996,4,,2009,2011,4,,https://dc.fandom.com/wiki/Outsiders_Vol_4
1310,996,5,,2024,2024,5,,https://dc.fandom.com/wiki/Outsiders_Vol_5
1311,997,1,,2007,2007,1,,https://dc.fandom.com/wiki/Outsiders:_Five_of_a_Kind_Vol_1
1312,998,1,,1967,1967,1,,https://dc.fandom.com/wiki/Peacemaker_Vol_1
1313,998,2,,1988,1988,2,,https://dc.fandom.com/wiki/Peacemaker_Vol_2
1314,999,1,,2023,2024,1,,https://dc.fandom.com/wiki/The_Penguin_Vol_1
1315,1000,1,,2011,2012,1,,https://dc.fandom.com/wiki/Penguin:_Pain_and_Prejudice_Vol_1
1316,1001,1,,1992,1993,1,,https://dc.fandom.com/wiki/Peter_Cannon:_Thunderbolt_Vol_1
1317,1002,1,,2012,2013,1,,https://dc.fandom.com/wiki/Phantom_Lady_Vol_1
1318,1002,0.5,Phantom Lady (Fox),1947,1949,1,,https://dc.fandom.com/wiki/Phantom_Lady_(Fox)_Vol_1
1319,1003,1,,1952,1953,1,,https://dc.fandom.com/wiki/The_Phantom_Stranger_Vol_1
1320,1003,2,,1969,1975,2,,https://dc.fandom.com/wiki/The_Phantom_Stranger_Vol_2
1321,1003,3,,1987,1988,3,,https://dc.fandom.com/wiki/The_Phantom_Stranger_Vol_3
1322,1003,4,,2012,2014,4,,https://dc.fandom.com/wiki/The_Phantom_Stranger_Vol_4
1323,1004,1,,1982,1982,1,,https://dc.fandom.com/wiki/The_Phantom_Zone_Vol_1
1324,1005,1,,1988,1988,1,,https://dc.fandom.com/wiki/The_Phantom_Vol_1
1325,1005,2,,1989,1990,2,,https://dc.fandom.com/wiki/The_Phantom_Vol_2
1326,1006,1,,2024,2025,1,,https://dc.fandom.com/wiki/Plastic_Man_No_More!_Vol_1
1327,1007,1,,1996,1997,1,,https://dc.fandom.com/wiki/Plus_Vol_1
1328,1008,1,,2022,,1,,https://dc.fandom.com/wiki/Poison_Ivy_Vol_1
1329,1009,1,,2016,2016,1,,https://dc.fandom.com/wiki/Poison_Ivy:_Cycle_of_Life_and_Death_Vol_1
1330,1010,1,,2002,2003,1,,https://dc.fandom.com/wiki/The_Power_Company_Vol_1
1331,1011,1,,1988,1988,1,,https://dc.fandom.com/wiki/Power_Girl_Vol_1
1332,1011,2,,2009,2011,2,,https://dc.fandom.com/wiki/Power_Girl_Vol_2
1333,1011,3,,2023,2025,3,,https://dc.fandom.com/wiki/Power_Girl_Vol_3
1334,1012,1,,1983,1984,1,,https://dc.fandom.com/wiki/Power_Lords_Vol_1
1335,1013,1,,1995,2010,1,,https://dc.fandom.com/wiki/The_Power_of_Shazam!_Vol_1
1336,1014,1,,1988,1989,1,,https://dc.fandom.com/wiki/Power_of_the_Atom_Vol_1
1337,1015,1,,1973,1974,1,,https://dc.fandom.com/wiki/Prez_Vol_1
1338,1015,2,,2015,2016,2,,https://dc.fandom.com/wiki/Prez_Vol_2
1339,1016,1,,1994,1995,1,,https://dc.fandom.com/wiki/Primal_Force_Vol_1
1340,1017,1,,2024,2024,1,,https://dc.fandom.com/wiki/Primer_Vol_1
1341,1017,1.5,Primer: Clashing Colors,2024,2024,1,,https://dc.fandom.com/wiki/Primer:_Clashing_Colors_Vol_1
1342,1018,1,,1988,1989,1,,https://dc.fandom.com/wiki/The_Prisoner_Vol_1
1343,1019,1,,1995,1995,1,,https://dc.fandom.com/wiki/Psyba-Rats_Vol_1
1344,1020,1,,2022,2023,1,,https://dc.fandom.com/wiki/Punchline:_The_Gotham_Game_Vol_1
1345,1021,1,,1990,1992,1,,https://dc.fandom.com/wiki/The_Question_Quarterly_Vol_1
1346,1022,1,,1987,2010,1,,https://dc.fandom.com/wiki/The_Question_Vol_1
1347,1022,2,,2005,2005,2,,https://dc.fandom.com/wiki/The_Question_Vol_2
1348,1023,1,,2020,2020,1,,https://dc.fandom.com/wiki/The_Question:_All_Along_the_Watchtower_Vol_1
1349,1024,1,,2025,2025,1,,https://dc.fandom.com/wiki/The_Question:_The_Deaths_of_Vic_Sage_Vol_1
1350,1025,1,,1994,1996,1,,https://dc.fandom.com/wiki/R.E.B.E.L.S._Vol_1
1351,1025,2,,2009,2011,2,,https://dc.fandom.com/wiki/R.E.B.E.L.S._Vol_2
1352,1026,1,,1976,1977,1,,https://dc.fandom.com/wiki/Ragman_Vol_1
1353,1026,2,,1991,1992,2,,https://dc.fandom.com/wiki/Ragman_Vol_2
1354,1026,3,,2017,2018,3,,https://dc.fandom.com/wiki/Ragman_Vol_3
1355,1027,1,,1993,1994,1,,https://dc.fandom.com/wiki/Ragman:_Cry_of_the_Dead_Vol_1
1356,1028,1,,2005,2006,1,,https://dc.fandom.com/wiki/Rann-Thanagar_War_Vol_1
1357,1029,1,,2008,2009,1,,https://dc.fandom.com/wiki/Rann-Thanagar:_Holy_War_Vol_1
1358,1030,1,,2012,2013,1,,https://dc.fandom.com/wiki/Ravagers_Vol_1
1359,1031,1,,2016,2017,1,,https://dc.fandom.com/wiki/Raven_Vol_1
1360,1032,1,,2018,2019,1,,https://dc.fandom.com/wiki/Raven:_Daughter_of_Darkness_Vol_1
1361,1033,1,,1992,1992,1,,https://dc.fandom.com/wiki/The_Ray_Vol_1
1362,1033,2,,1994,1996,2,,https://dc.fandom.com/wiki/The_Ray_Vol_2
1363,1033,3,,2012,2012,3,,https://dc.fandom.com/wiki/The_Ray_Vol_3
1364,1034,1,,2000,2000,1,,https://dc.fandom.com/wiki/Realworlds_Vol_1
1365,1035,1,,2009,2009,1,,https://dc.fandom.com/wiki/Red_Circle_Vol_1
1366,1036,1,,2021,2021,1,,https://dc.fandom.com/wiki/Red_Hood_Vol_1
1367,1037,1,,2011,2015,1,,https://dc.fandom.com/wiki/Red_Hood_and_the_Outlaws_Vol_1
1368,1037,2,,2016,2018,2,,https://dc.fandom.com/wiki/Red_Hood_and_the_Outlaws_Vol_2
1369,1038,1,,2015,2016,1,,https://dc.fandom.com/wiki/Red_Hood/Arsenal_Vol_1
1370,1039,1,,2018,2020,1,,https://dc.fandom.com/wiki/Red_Hood:_Outlaw_Vol_1
1371,1040,1,,2024,2024,1,,https://dc.fandom.com/wiki/Red_Hood:_The_Hill_Vol_1
1372,1041,1,,2010,2011,1,,https://dc.fandom.com/wiki/Red_Hood:_The_Lost_Days_Vol_1
1373,1042,1,,2011,2015,1,,https://dc.fandom.com/wiki/Red_Lanterns_Vol_1
1374,1043,1,,2009,2011,1,,https://dc.fandom.com/wiki/Red_Robin_Vol_1
1375,1044,1,,1985,1985,1,,https://dc.fandom.com/wiki/Red_Tornado_Vol_1
1376,1044,2,,2009,2010,2,,https://dc.fandom.com/wiki/Red_Tornado_Vol_2
1377,1045,1,,2008,2009,1,,https://dc.fandom.com/wiki/Reign_in_Hell_Vol_1
1378,1046,1,,2003,2004,1,,https://dc.fandom.com/wiki/Reign_of_the_Zodiac_Vol_1
1379,1047,1,,2000,2000,1,,https://dc.fandom.com/wiki/Relative_Heroes_Vol_1
1380,1048,1,,1997,1999,1,,https://dc.fandom.com/wiki/Resurrection_Man_Vol_1
1381,1048,2,,2011,2012,2,,https://dc.fandom.com/wiki/Resurrection_Man_Vol_2
1382,1049,1,,2025,,1,,https://dc.fandom.com/wiki/Resurrection_Man:_Quantum_Karma_Vol_1
1383,1050,1,,2004,2005,1,,https://dc.fandom.com/wiki/Richard_Dragon_Vol_1
1384,1051,1,,1975,1977,1,,"https://dc.fandom.com/wiki/Richard_Dragon,_Kung-Fu_Fighter_Vol_1"
1385,1052,1,,2022,2023,1,,https://dc.fandom.com/wiki/The_Riddler:_Year_One_Vol_1
1386,1053,1,,1974,1975,1,,https://dc.fandom.com/wiki/Rima_Vol_1
1387,1054,1,,1961,1965,1,,https://dc.fandom.com/wiki/Rip_Hunter_Vol_1
1388,1055,1,,1991,1991,1,,https://dc.fandom.com/wiki/Robin_Vol_1
1389,1055,2,,1993,2009,2,,https://dc.fandom.com/wiki/Robin_Vol_2
1390,1055,3,,2021,2022,3,,https://dc.fandom.com/wiki/Robin_Vol_3
1391,1056,1,,2022,2022,1,,https://dc.fandom.com/wiki/Robin_&_Batman_Vol_1
1392,1057,1,,1993,1993,1,,https://dc.fandom.com/wiki/Robin_3000_Vol_1
1393,1058,1,,1956,1958,1,,https://dc.fandom.com/wiki/Robin_Hood_Tales_Vol_1
1394,1055,1.2,Robin II,1991,1992,1,,https://dc.fandom.com/wiki/Robin_II_Vol_1
1395,1055,1.3,Robin III,1992,1993,1,,https://dc.fandom.com/wiki/Robin_III_Vol_1
1396,1059,1,,2016,2016,1,,https://dc.fandom.com/wiki/Robin_War_Vol_1
1397,1060,1,,2015,2016,1,,https://dc.fandom.com/wiki/Robin:_Son_of_Batman_Vol_1
1398,1061,1,,2000,2001,1,,https://dc.fandom.com/wiki/Robin:_Year_One_Vol_1
1399,1062,1,,2022,2022,1,,https://dc.fandom.com/wiki/Robins_Vol_1
1400,1063,1,,1985,1985,1,,https://dc.fandom.com/wiki/Robotech_Defenders_Vol_1
1401,1064,1,,2022,2022,1,,https://dc.fandom.com/wiki/Rogues_Vol_1
1402,1065,1,,1986,1986,1,,https://dc.fandom.com/wiki/Roots_of_the_Swamp_Thing_Vol_1
1403,1066,1,,2004,2004,1,,https://dc.fandom.com/wiki/Rose_and_Thorn_Vol_1
1404,1067,1,,2017,2018,1,,https://dc.fandom.com/wiki/The_Ruff_&_Reddy_Show_Vol_1
1405,1068,1,,1993,1994,1,,https://dc.fandom.com/wiki/S.T.A.R._Corps_Vol_1
1406,1069,1,,1988,1988,1,,https://dc.fandom.com/wiki/Saga_of_Ra's_al_Ghul_Vol_1
1407,1070,1,,2008,2008,1,,https://dc.fandom.com/wiki/Salvation_Run_Vol_1
1408,1071,1,,1974,1976,1,,https://dc.fandom.com/wiki/Sandman_Vol_1
1409,1071,2,,1989,1996,2,,https://dc.fandom.com/wiki/Sandman_Vol_2
1410,1072,1,,2011,2013,1,,https://dc.fandom.com/wiki/Savage_Hawkman_Vol_1
1411,1073,1,,1996,1998,1,,https://dc.fandom.com/wiki/Scare_Tactics_Vol_1
1412,1074,1,,1993,1994,1,,https://dc.fandom.com/wiki/Scarlett_Vol_1
1413,1075,1,,2004,2004,1,,https://dc.fandom.com/wiki/Scratch_Vol_1
1414,1076,1,,1961,1967,1,,https://dc.fandom.com/wiki/Sea_Devils_Vol_1
1415,1077,1,,2008,2008,1,,https://dc.fandom.com/wiki/Secret_History_of_The_Authority:_Hawksmoor_Vol_1
1416,1078,1,,1968,1969,1,,https://dc.fandom.com/wiki/Secret_Six_Vol_1
1417,1078,2,,2006,2007,2,,https://dc.fandom.com/wiki/Secret_Six_Vol_2
1418,1078,3,,2008,2011,3,,https://dc.fandom.com/wiki/Secret_Six_Vol_3
1419,1078,4,,2015,2016,4,,https://dc.fandom.com/wiki/Secret_Six_Vol_4
1420,1078,5,,2025,,5,,https://dc.fandom.com/wiki/Secret_Six_Vol_5
1421,1079,1,,1976,1978,1,,https://dc.fandom.com/wiki/Secret_Society_of_Super-Villains_Vol_1
1422,1080,1,,1975,1982,1,,https://dc.fandom.com/wiki/Secrets_of_Haunted_House_Vol_1
1423,1081,1,,1972,1974,1,,https://dc.fandom.com/wiki/Secrets_of_Sinister_House_Vol_1
1424,1082,1,,1981,1981,1,,https://dc.fandom.com/wiki/Secrets_of_the_Legion_of_Super-Heroes_Vol_1
1425,1083,1,,1996,1997,1,,https://dc.fandom.com/wiki/Seekers_into_the_Mystery_Vol_1
1426,1084,1,,2021,2021,1,,https://dc.fandom.com/wiki/Sensational_Wonder_Woman_Vol_1
1427,1085,1,,2005,2006,1,,https://dc.fandom.com/wiki/Seven_Soldiers_of_Victory_Vol_1
1428,1086,1,Seven Soldiers: Bulleteer,2006,2006,1,,https://dc.fandom.com/wiki/Seven_Soldiers:_Bulleteer_Vol_1
1429,1087,1,Seven Soldiers: Frankenstein,2006,2006,1,,https://dc.fandom.com/wiki/Seven_Soldiers:_Frankenstein_Vol_1
1430,1088,1,Seven Soldiers: Klarion,2005,2005,1,,https://dc.fandom.com/wiki/Seven_Soldiers:_Klarion_Vol_1
1431,1089,1,Seven Soldiers: Manhattan Guardian,2005,2005,1,,https://dc.fandom.com/wiki/Seven_Soldiers:_Manhattan_Guardian_Vol_1
1432,1090,1,Seven Soldiers: Mister Miracle,2005,2006,1,,https://dc.fandom.com/wiki/Seven_Soldiers:_Mister_Miracle_Vol_1
1433,1091,1,Seven Soldiers Shining Knight,2005,2005,1,,https://dc.fandom.com/wiki/Seven_Soldiers:_Shining_Knight_Vol_1
1434,1092,1,Seven Soldiers: Zatanna,2005,2005,1,,https://dc.fandom.com/wiki/Seven_Soldiers:_Zatanna_Vol_1
1435,1093,1,,1977,1988,1,,https://dc.fandom.com/wiki/Sgt._Rock_Vol_1
1436,1093,2,,1991,1992,2,,https://dc.fandom.com/wiki/Sgt._Rock_Vol_2
1437,1094,1,,2009,2009,1,,https://dc.fandom.com/wiki/Sgt._Rock:_The_Lost_Battalion_Vol_1
1438,1095,1,,2006,2006,1,,https://dc.fandom.com/wiki/Sgt._Rock:_The_Prophecy_Vol_1
1439,1096,1,,1997,1997,1,,https://dc.fandom.com/wiki/The_Shade_Vol_1
1440,1096,2,,2011,2012,2,,https://dc.fandom.com/wiki/The_Shade_Vol_2
1441,1097,1,,2016,2017,1,,"https://dc.fandom.com/wiki/Shade,_the_Changing_Girl_Vol_1"
1442,1098,1,,1977,1978,1,,"https://dc.fandom.com/wiki/Shade,_the_Changing_Man_Vol_1"
1443,1098,2,,1990,1996,2,,"https://dc.fandom.com/wiki/Shade,_the_Changing_Man_Vol_2"
1444,1097,1.5,"Shade, the Changing Woman",2018,2018,1,,"https://dc.fandom.com/wiki/Shade,_the_Changing_Woman_Vol_1"
1445,1099,1,,1992,1992,1,,https://dc.fandom.com/wiki/Shado:_Song_of_the_Dragon_Vol_1
1446,1100,1,,1994,1995,1,,https://dc.fandom.com/wiki/Shadow_Cabinet_Vol_1
1447,1101,1,,1985,1985,1,,https://dc.fandom.com/wiki/The_Shadow_War_of_Hawkman_Vol_1
1448,1102,1,,2006,2008,1,,https://dc.fandom.com/wiki/Shadowpact_Vol_1
1449,1103,1,,1976,1978,1,,https://dc.fandom.com/wiki/Shazam!_Vol_1
1450,1103,2,,2011,2011,2,,https://dc.fandom.com/wiki/Shazam!_Vol_2
1451,1103,3,,2019,2020,3,,https://dc.fandom.com/wiki/Shazam!_Vol_3
1452,1103,4,,2021,2021,4,,https://dc.fandom.com/wiki/Shazam!_Vol_4
1453,1103,5,,2023,2025,5,,https://dc.fandom.com/wiki/Shazam!_Vol_5
1454,1104,1,,2007,2007,1,,https://dc.fandom.com/wiki/Shazam!:_The_Monster_Society_of_Evil_Vol_1
1455,1105,1,,1987,1987,1,,https://dc.fandom.com/wiki/Shazam!:_The_New_Beginning_Vol_1
1456,1106,1,,2009,2010,1,,https://dc.fandom.com/wiki/The_Shield_Vol_1
1457,1107,1,,2018,2019,1,,https://dc.fandom.com/wiki/Sideways_Vol_1
1458,1108,1,,2018,2019,1,,https://dc.fandom.com/wiki/The_Silencer_Vol_1
1459,1109,1,,2000,2000,1,,https://dc.fandom.com/wiki/Silver_Age_Vol_1
1460,1110,1,,2007,2009,1,,https://dc.fandom.com/wiki/Simon_Dark_Vol_1
1461,1111,1,,2014,2016,1,,https://dc.fandom.com/wiki/Sinestro_Vol_1
1462,1112,1,,2024,2024,1,,https://dc.fandom.com/wiki/Sinister_Sons_Vol_1
1463,1113,1,,2016,2017,1,,https://dc.fandom.com/wiki/Sixpack_and_Dogwelder:_Hard-Travelin'_Heroz_Vol_1
1464,1114,1,,1992,1992,1,,https://dc.fandom.com/wiki/Skull_and_Bones_Vol_1
1465,1115,1,,1987,1988,1,,https://dc.fandom.com/wiki/Slash_Maraud_Vol_1
1466,1116,1,,2004,2006,1,,https://dc.fandom.com/wiki/Solo_Vol_1
1467,1117,1,,2009,2009,1,,https://dc.fandom.com/wiki/Solomon_Grundy_Vol_1
1468,1118,1,,1986,1986,1,,https://dc.fandom.com/wiki/Son_of_Ambush_Bug_Vol_1
1469,1119,1,,1987,1988,1,,https://dc.fandom.com/wiki/Sonic_Disruptors_Vol_1
1470,1120,1,,1995,1998,1,,https://dc.fandom.com/wiki/Sovereign_Seven_Vol_1
1471,1121,1,,1952,1956,1,,https://dc.fandom.com/wiki/Space_Adventures_Vol_1
1472,1121,2,,1958,1964,2,,https://dc.fandom.com/wiki/Space_Adventures_Vol_2
1473,1121,3,,1968,1979,3,,https://dc.fandom.com/wiki/Space_Adventures_Vol_3
1474,1122,1,,1984,1985,1,,https://dc.fandom.com/wiki/Spanner's_Galaxy_Vol_1
1475,1123,1,,1965,1965,1,,https://dc.fandom.com/wiki/Special_War_Series_Vol_1
1476,1124,1,,1967,1969,1,,https://dc.fandom.com/wiki/Spectre_Vol_1
1477,1124,2,,1987,1989,2,,https://dc.fandom.com/wiki/Spectre_Vol_2
1478,1124,3,,1992,1998,3,,https://dc.fandom.com/wiki/Spectre_Vol_3
1479,1124,4,,2001,2003,4,,https://dc.fandom.com/wiki/Spectre_Vol_4
1480,1125,1,,1997,1997,1,,https://dc.fandom.com/wiki/Speed_Force_Vol_1
1481,1125,2,,2024,2024,2,,https://dc.fandom.com/wiki/Speed_Force_Vol_2
1482,1126,1,,2007,2009,1,,https://dc.fandom.com/wiki/Spirit_Vol_1
1483,1126,2,,2010,2011,2,,https://dc.fandom.com/wiki/Spirit_Vol_2
1484,1127,2,,2023,2023,2,,https://dc.fandom.com/wiki/Spirit_World_Vol_2
1485,1128,1,,1975,1976,1,,https://dc.fandom.com/wiki/Stalker_Vol_1
1486,1129,1,,1977,1978,1,,https://dc.fandom.com/wiki/Star_Hunters_Vol_1
1487,1130,1,,1976,1977,1,,https://dc.fandom.com/wiki/Starfire_Vol_1
1488,1130,2,,2015,2016,2,,https://dc.fandom.com/wiki/Starfire_Vol_2
1489,1131,1,,2023,2023,1,,https://dc.fandom.com/wiki/Stargirl:_The_Lost_Children_Vol_1
1490,1132,1,,1988,1992,1,,https://dc.fandom.com/wiki/Starman_Vol_1
1491,1132,2,,1994,2010,2,,https://dc.fandom.com/wiki/Starman_Vol_2
1492,1133,1,,1999,2000,1,,https://dc.fandom.com/wiki/Stars_and_S.T.R.I.P.E._Vol_1
1493,1134,1,,2014,2015,1,,https://dc.fandom.com/wiki/Star-Spangled_War_Stories_Featuring_G.I._Zombie_Vol_1
1494,1135,1,,1978,1978,1,,https://dc.fandom.com/wiki/Steel_Vol_1
1495,1135,2,,1994,1998,2,,https://dc.fandom.com/wiki/Steel_Vol_2
1496,1136,1,,2023,2024,1,,https://dc.fandom.com/wiki/Steelworks_Vol_1
1497,1137,1,,2020,2021,1,,https://dc.fandom.com/wiki/Streets_Vol_1
1498,1138,1,,1956,1971,1,,https://dc.fandom.com/wiki/Sugar_and_Spike_Vol_1
1499,1139,1,,1987,1992,1,,https://dc.fandom.com/wiki/Suicide_Squad_Vol_1
1500,1139,2,,2001,2002,2,,https://dc.fandom.com/wiki/Suicide_Squad_Vol_2
1501,1139,3,,2007,2008,3,,https://dc.fandom.com/wiki/Suicide_Squad_Vol_3
1502,1139,4,,2011,2014,4,,https://dc.fandom.com/wiki/Suicide_Squad_Vol_4
1503,1139,5,,2016,2019,5,,https://dc.fandom.com/wiki/Suicide_Squad_Vol_5
1504,1139,6,,2019,2021,6,,https://dc.fandom.com/wiki/Suicide_Squad_Vol_6
1505,1139,7,,2021,2022,7,,https://dc.fandom.com/wiki/Suicide_Squad_Vol_7
1506,1140,1.1,Suicide Squad Most Wanted: Deadshot and Katana,2016,2016,1,,https://dc.fandom.com/wiki/Suicide_Squad_Most_Wanted:_Deadshot_and_Katana_Vol_1
1507,1140,1.2,Suicide Squad Most Wanted: El Diablo and Boomerang,2016,2017,1,,https://dc.fandom.com/wiki/Suicide_Squad_Most_Wanted:_El_Diablo_and_Boomerang_Vol_1
1508,1141,1,,2019,2019,1,,https://dc.fandom.com/wiki/Suicide_Squad:_Black_Files_Vol_1
1509,1142,1,,2022,2022,1,,https://dc.fandom.com/wiki/Suicide_Squad:_Blaze_Vol_1
1510,1143,1,,2024,2024,1,,https://dc.fandom.com/wiki/Suicide_Squad:_Dream_Team_Vol_1
1511,1144,1,,2021,2022,1,,https://dc.fandom.com/wiki/Suicide_Squad:_Get_Joker!_Vol_1
1512,1145,1,,2024,2024,1,,https://dc.fandom.com/wiki/Suicide_Squad:_Kill_Arkham_Asylum_Vol_1
1513,1146,1,,2021,2022,1,,https://dc.fandom.com/wiki/Suicide_Squad:_King_Shark_Vol_1
1514,1147,1,,1984,1985,1,,https://dc.fandom.com/wiki/Sun_Devils_Vol_1
1515,1148,1,,1970,1976,1,,https://dc.fandom.com/wiki/Super_DC_Giant_Vol_1
1516,1149,1,,1984,1984,1,,https://dc.fandom.com/wiki/Super_Powers_Vol_1
1517,1149,2,,1985,1986,2,,https://dc.fandom.com/wiki/Super_Powers_Vol_2
1518,1149,3,,1986,1986,3,,https://dc.fandom.com/wiki/Super_Powers_Vol_3
1519,1149,4,,2017,2017,4,,https://dc.fandom.com/wiki/Super_Powers_Vol_4
1520,1150,1,,2017,2018,1,,https://dc.fandom.com/wiki/Super_Sons_Vol_1
1521,1150,2,,2019,2020,2,,https://dc.fandom.com/wiki/Super_Sons_Vol_2
1522,1151,1,,1996,1998,1,,https://dc.fandom.com/wiki/Superboy_and_the_Ravers_Vol_1
1523,1152,1,,2023,2023,1,,https://dc.fandom.com/wiki/Superboy:_The_Man_of_Tomorrow_Vol_1
1524,1153,1,,2001,2001,1,,https://dc.fandom.com/wiki/Superboy's_Legion_Vol_1
1525,1154,1,,1972,1974,1,,https://dc.fandom.com/wiki/Supergirl_Vol_1
1526,1154,2,,1982,1984,2,,https://dc.fandom.com/wiki/Supergirl_Vol_2
1527,1154,3,,1994,1994,3,,https://dc.fandom.com/wiki/Supergirl_Vol_3
1528,1154,4,,1996,2003,4,,https://dc.fandom.com/wiki/Supergirl_Vol_4
1529,1154,5,,2005,2011,5,,https://dc.fandom.com/wiki/Supergirl_Vol_5
1530,1154,6,,2011,2015,6,,https://dc.fandom.com/wiki/Supergirl_Vol_6
1531,1154,7,,2016,2020,7,,https://dc.fandom.com/wiki/Supergirl_Vol_7
1532,1154,8,,2025,,8,,https://dc.fandom.com/wiki/Supergirl_Vol_8
1533,1155,1,,1984,1986,1,,https://dc.fandom.com/wiki/Supergirl_(American_Honda)_Vol_1
1534,1156,1,,2017,2017,1,,https://dc.fandom.com/wiki/Supergirl:_Being_Super_Vol_1
1535,1157,1,,2021,2022,1,,https://dc.fandom.com/wiki/Supergirl:_Woman_of_Tomorrow_Vol_1
1536,1158,1,,1993,1995,1,,https://dc.fandom.com/wiki/Superman_&_Batman_Magazine_Vol_1
1537,1159,1,,1999,1999,1,,https://dc.fandom.com/wiki/Superman_&_Batman:_Generations_Vol_1
1538,1159,2,Superman & Batman: Generations II,2001,2001,1,,https://dc.fandom.com/wiki/Superman_&_Batman:_Generations_II_Vol_1
1539,1159,3,Superman & Batman: Generations III,2003,2004,1,,https://dc.fandom.com/wiki/Superman_&_Batman:_Generations_III_Vol_1
1540,1160,1,,1939,1966,,,https://dc.fandom.com/wiki/Superman_(comic_strip)
1541,1161,1,,1999,2000,1,,https://dc.fandom.com/wiki/Superman_80-Page_Giant_Vol_1
1542,1162,1,,1996,2002,1,,https://dc.fandom.com/wiki/Superman_Adventures_Vol_1
1543,1163,1,,2021,2021,1,,https://dc.fandom.com/wiki/Superman_and_the_Authority_Vol_1
1544,1164,1,,2007,2008,1,,https://dc.fandom.com/wiki/Superman_Confidential_Vol_1
1545,1165,1,,1998,1998,1,,https://dc.fandom.com/wiki/Superman_for_All_Seasons_Vol_1
1546,1166,1,,2018,2019,1,,https://dc.fandom.com/wiki/Superman_Giant_Vol_1
1547,1166,2,,2020,2020,2,,https://dc.fandom.com/wiki/Superman_Giant_Vol_2
1548,1167,1,,2021,2021,1,,https://dc.fandom.com/wiki/Superman_Red_and_Blue_Vol_1
1549,1168,1,,1998,2005,1,,https://dc.fandom.com/wiki/Superman_Secret_Files_and_Origins_Vol_1
1550,1169,1,,2019,2020,1,,https://dc.fandom.com/wiki/Superman_Smashes_the_Klan_Vol_1
1551,1170,1,,2013,2015,1,,https://dc.fandom.com/wiki/Superman_Unchained_Vol_1
1552,1171,1,,2025,,1,,https://dc.fandom.com/wiki/Superman_Unlimited_Vol_1
1553,1172,1,,2021,2022,1,,https://dc.fandom.com/wiki/Superman_vs._Lobo_Vol_1
1554,1173,1,,1994,1994,1,,https://dc.fandom.com/wiki/Superman/Doomsday:_Hunter/Prey_Vol_1
1555,1174,1,,2000,2000,1,,https://dc.fandom.com/wiki/Superman/Gen_13_Vol_1
1556,1175,1,,2005,2006,1,,https://dc.fandom.com/wiki/Superman/Shazam!:_First_Thunder_Vol_1
1557,1176,1,,1998,1999,1,,https://dc.fandom.com/wiki/Superman/Silver_Banshee_Vol_1
1558,1177,1,,2009,2009,1,,https://dc.fandom.com/wiki/Superman/Supergirl:_Maelstrom_Vol_1
1559,1178,1,,2013,2016,1,,https://dc.fandom.com/wiki/Superman/Wonder_Woman_Vol_1
1560,1179,1,,1997,1997,1,,https://dc.fandom.com/wiki/Superman/Wonder_Woman:_Whom_Gods_Destroy_Vol_1
1561,1180,1,,2016,2016,1,,https://dc.fandom.com/wiki/Superman:_American_Alien_Vol_1
1562,1181,1,,2003,2004,1,,https://dc.fandom.com/wiki/Superman:_Birthright_Vol_1
1563,1182,1,,1998,1998,1,,https://dc.fandom.com/wiki/Superman:_Dark_Side_Vol_1
1564,1183,1,,2003,2003,1,,https://dc.fandom.com/wiki/Superman:_Day_of_Doom_Vol_1
1565,1184,1,,2014,2014,1,,https://dc.fandom.com/wiki/Superman:_Doomed_Vol_1
1566,1185,1,,2010,2015,1,,https://dc.fandom.com/wiki/Superman:_Earth_One_Vol_1
1567,1186,1,,2000,2000,1,,https://dc.fandom.com/wiki/Superman:_Last_Son_of_Earth_Vol_1
1568,1187,1,,2010,2010,1,,https://dc.fandom.com/wiki/Superman:_Last_Stand_of_New_Krypton_Vol_1
1569,1188,1,,2015,2016,1,,https://dc.fandom.com/wiki/Superman:_Lois_and_Clark_Vol_1
1570,1189,1,,2023,2024,1,,https://dc.fandom.com/wiki/Superman:_Lost_Vol_1
1571,1190,1,,2003,2004,1,,https://dc.fandom.com/wiki/Superman:_Metropolis_Vol_1
1572,1191,1,,2003,2003,1,,https://dc.fandom.com/wiki/Superman:_Red_Son_Vol_1
1573,1192,1,,2004,2004,1,,https://dc.fandom.com/wiki/Superman:_Secret_Identity_Vol_1
1574,1193,1,,2009,2010,1,,https://dc.fandom.com/wiki/Superman:_Secret_Origin_Vol_1
1575,1194,1,,2022,2023,1,,https://dc.fandom.com/wiki/Superman:_Space_Age_Vol_1
1576,1195,1,,2005,2005,1,,https://dc.fandom.com/wiki/Superman:_Strength_Vol_1
1577,1196,1,,2016,2016,1,,https://dc.fandom.com/wiki/Superman:_The_Coming_of_the_Supermen_Vol_1
1578,1197,1,,1998,1999,1,,https://dc.fandom.com/wiki/Superman:_The_Doomsday_Wars_Vol_1
1579,1198,1,,2003,2003,1,,https://dc.fandom.com/wiki/Superman:_The_Kansas_Sighting_Vol_1
1580,1199,1,,2023,2025,1,,https://dc.fandom.com/wiki/Superman:_The_Last_Days_of_Lex_Luthor_Vol_1
1581,1200,1,,2010,2010,1,,https://dc.fandom.com/wiki/Superman:_The_Last_Family_of_Krypton_Vol_1
1582,1201,1,,1991,2003,1,,https://dc.fandom.com/wiki/Superman:_The_Man_of_Steel_Vol_1
1583,1202,1,,1995,1999,1,,https://dc.fandom.com/wiki/Superman:_The_Man_of_Tomorrow_Vol_1
1584,1203,1,,1985,1985,1,,https://dc.fandom.com/wiki/Superman:_The_Secret_Years_Vol_1
1585,1204,1,,2013,2014,1,,https://dc.fandom.com/wiki/Superman:_The_Silver_Age_Dailies_Vol_1
1586,1205,1,,2019,2020,1,,https://dc.fandom.com/wiki/Superman:_Up_in_the_Sky_Vol_1
1587,1206,1,,2010,2010,1,,https://dc.fandom.com/wiki/Superman:_War_of_the_Supermen_Vol_1
1588,1207,1,,2009,2010,1,,https://dc.fandom.com/wiki/Superman:_World_of_New_Krypton_Vol_1
1589,1208,1,,2019,2019,1,,https://dc.fandom.com/wiki/Superman:_Year_One_Vol_1
1590,1209,1,,1999,1999,1,,https://dc.fandom.com/wiki/Superman's_Nemesis:_Lex_Luthor_Vol_1
1591,1351,1,,2008,2009,1,,"https://dc.fandom.com/wiki/Superman's_Pal,_Jimmy_Olsen_Special_Vol_1"
1592,1211,1,,1975,1978,1,,https://dc.fandom.com/wiki/Super-Team_Family_Vol_1
1593,1212,1,,2016,2018,1,,https://dc.fandom.com/wiki/Superwoman_Vol_1
1594,1213,1,,1972,1976,1,,https://dc.fandom.com/wiki/Swamp_Thing_Vol_1
1595,1213,2,,1982,1996,2,,https://dc.fandom.com/wiki/Swamp_Thing_Vol_2
1596,1213,3,,2000,2001,3,,https://dc.fandom.com/wiki/Swamp_Thing_Vol_3
1597,1213,4,,2004,2006,4,,https://dc.fandom.com/wiki/Swamp_Thing_Vol_4
1598,1213,5,,2011,2015,5,,https://dc.fandom.com/wiki/Swamp_Thing_Vol_5
1599,1213,6,,2016,2016,6,,https://dc.fandom.com/wiki/Swamp_Thing_Vol_6
1600,1214,1,,2019,2019,1,,https://dc.fandom.com/wiki/Swamp_Thing_Giant_Vol_1
1601,1214,2,,2019,2020,2,,https://dc.fandom.com/wiki/Swamp_Thing_Giant_Vol_2
1602,1215,1,,2021,2022,1,,https://dc.fandom.com/wiki/The_Swamp_Thing_Vol_1
1603,1216,1,,2022,2023,1,,https://dc.fandom.com/wiki/Swamp_Thing:_Green_Hell_Vol_1
1604,1217,1,,2022,2023,1,,https://dc.fandom.com/wiki/Sword_of_Azrael_Vol_1
1605,1218,1,,1973,1973,1,,https://dc.fandom.com/wiki/Sword_of_Sorcery_Vol_1
1606,1218,2,,2012,2013,2,,https://dc.fandom.com/wiki/Sword_of_Sorcery_Vol_2
1607,1219,1,,1983,1983,1,,https://dc.fandom.com/wiki/Sword_of_the_Atom_Vol_1
1608,1220,1,,1984,1988,1,,https://dc.fandom.com/wiki/Sword_of_the_Atom_Special_Vol_1
1609,1221,3,,2011,2011,3,,https://dc.fandom.com/wiki/T.H.U.N.D.E.R._Agents_Vol_3
1610,1221,4,,2012,2012,4,,https://dc.fandom.com/wiki/T.H.U.N.D.E.R._Agents_Vol_4
1611,1222,1,,1988,1989,1,,https://dc.fandom.com/wiki/Tailgunner_Jo_Vol_1
1612,1223,1,,1996,1996,1,,https://dc.fandom.com/wiki/Takion_Vol_1
1613,1224,1,,2020,2021,1,,https://dc.fandom.com/wiki/Tales_from_the_Dark_Multiverse_Vol_1
1614,1225,1,,1975,1975,1,,https://dc.fandom.com/wiki/Tales_of_Ghost_Castle_Vol_1
1615,1226,1,,1982,1982,1,,https://dc.fandom.com/wiki/Tales_of_the_New_Teen_Titans_Vol_1
1616,1227,1,,2007,2008,1,,https://dc.fandom.com/wiki/Tales_of_the_Sinestro_Corps_Vol_1
1617,1228,1,,1984,1988,1,,https://dc.fandom.com/wiki/Tales_of_the_Teen_Titans_Vol_1
1618,1229,1,,2023,2023,1,,https://dc.fandom.com/wiki/Tales_of_the_Titans_Vol_1
1619,1230,1,,1956,1968,1,,https://dc.fandom.com/wiki/Tales_of_the_Unexpected_Vol_1
1620,1230,2,,2006,2007,2,,https://dc.fandom.com/wiki/Tales_of_the_Unexpected_Vol_2
1621,1231,1,,2012,2014,1,,https://dc.fandom.com/wiki/Talon_Vol_1
1622,1232,1,,2008,2009,1,,https://dc.fandom.com/wiki/Tangent:_Superman's_Reign_Vol_1
1623,1233,1,,2021,2022,1,,https://dc.fandom.com/wiki/Task_Force_Z_Vol_1
1624,1234,1,,1992,1994,1,,https://dc.fandom.com/wiki/Team_Titans_Vol_1
1625,1235,1,,1966,1978,1,,https://dc.fandom.com/wiki/Teen_Titans_Vol_1
1626,1235,2,,1996,1998,2,,https://dc.fandom.com/wiki/Teen_Titans_Vol_2
1627,1235,3,,2003,2011,3,,https://dc.fandom.com/wiki/Teen_Titans_Vol_3
1628,1235,4,,2011,2014,4,,https://dc.fandom.com/wiki/Teen_Titans_Vol_4
1629,1235,5,,2014,2016,5,,https://dc.fandom.com/wiki/Teen_Titans_Vol_5
1630,1235,6,,2016,2021,6,,https://dc.fandom.com/wiki/Teen_Titans_Vol_6
1631,1236,1,,2021,2022,1,,https://dc.fandom.com/wiki/Teen_Titans_Academy_Vol_1
1632,1237,1,,2018,2019,1,,https://dc.fandom.com/wiki/Teen_Titans_Giant_Vol_1
1633,1238,1,,1986,1988,1,,https://dc.fandom.com/wiki/Teen_Titans_Spotlight_Vol_1
1634,1239,1,,2003,2005,1,,https://dc.fandom.com/wiki/Teen_Titans/Outsiders_Secret_Files_and_Origins_Vol_1
1635,1240,1,,2015,2016,1,,https://dc.fandom.com/wiki/Teen_Titans:_Earth_One_Vol_1
1636,1241,1,,2008,2008,1,,https://dc.fandom.com/wiki/Teen_Titans:_Year_One_Vol_1
1637,1242,1,,2015,2016,1,,https://dc.fandom.com/wiki/Telos_Vol_1
1638,1243,1,,1996,1997,1,,https://dc.fandom.com/wiki/Tempest_Vol_1
1639,1244,1,,1990,1991,1,,https://dc.fandom.com/wiki/Tempus_Fugitive_Vol_1
1640,1245,1,,2009,2009,1,,https://dc.fandom.com/wiki/Terra_Vol_1
1641,1246,1,,2018,2020,1,,https://dc.fandom.com/wiki/The_Terrifics_Vol_1
1642,1247,1,,2008,2009,1,,https://dc.fandom.com/wiki/Terror_Titans_Vol_1
1643,1248,1,,2013,2013,1,,https://dc.fandom.com/wiki/Threshold_Vol_1
1644,1249,1,,1983,1984,1,,https://dc.fandom.com/wiki/Thriller_Vol_1
1645,1250,1,,1997,1997,1,,https://dc.fandom.com/wiki/Thrillkiller_Vol_1
1646,1251,1,,2022,2023,1,,https://dc.fandom.com/wiki/Tim_Drake:_Robin_Vol_1
1647,1252,1,,1992,1993,1,,https://dc.fandom.com/wiki/Timber_Wolf_Vol_1
1648,1253,1,,1990,1990,1,,https://dc.fandom.com/wiki/Time_Masters_Vol_1
1649,1254,1,,2010,2011,1,,https://dc.fandom.com/wiki/Time_Masters:_Vanishing_Point_Vol_1
1650,1255,1,,1979,1980,1,,https://dc.fandom.com/wiki/Time_Warp_Vol_1
1651,1256,1,,1999,2003,1,,https://dc.fandom.com/wiki/Titans_Vol_1
1652,1256,2,,2008,2011,2,,https://dc.fandom.com/wiki/Titans_Vol_2
1653,1256,3,,2016,2019,3,,https://dc.fandom.com/wiki/Titans_Vol_3
1654,1256,4,,2023,,4,,https://dc.fandom.com/wiki/Titans_Vol_4
1655,1257,1,,2019,2019,1,,https://dc.fandom.com/wiki/Titans_Giant_Vol_1
1656,1257,2,,2020,2020,2,,https://dc.fandom.com/wiki/Titans_Giant_Vol_2
1657,1258,1,,2015,2016,1,,https://dc.fandom.com/wiki/Titans_Hunt_Vol_1
1658,1259,1,,1999,2000,1,,https://dc.fandom.com/wiki/Titans_Secret_Files_and_Origins_Vol_1
1659,1260,1,,2021,2022,1,,https://dc.fandom.com/wiki/Titans_United_Vol_1
1660,1261,1,,2022,2023,1,,https://dc.fandom.com/wiki/Titans_United:_Bloodpact_Vol_1
1661,1262,1,,2000,2000,1,,https://dc.fandom.com/wiki/Titans/Legion_of_Super-Heroes:_Universe_Ablaze_Vol_1
1662,1263,1,,2003,2003,1,,https://dc.fandom.com/wiki/Titans/Young_Justice:_Graduation_Day_Vol_1
1663,1264,1,,2024,2024,1,,https://dc.fandom.com/wiki/Titans:_Beast_World_Vol_1
1664,1265,1,,2024,2024,1,,https://dc.fandom.com/wiki/Titans:_Beast_World_Tour_Vol_1
1665,1266,1,,2019,2020,1,,https://dc.fandom.com/wiki/Titans:_Burning_Rage_Vol_1
1666,1267,1,,1950,1972,1,,https://dc.fandom.com/wiki/Tomahawk_Vol_1
1667,1268,1,,1975,1976,1,,https://dc.fandom.com/wiki/Tor_Vol_1
1668,1268,2,,2008,2008,2,,https://dc.fandom.com/wiki/Tor_Vol_2
1669,1269,1,,1996,1996,1,,https://dc.fandom.com/wiki/Total_Justice_Vol_1
1670,1270,1,,2022,2022,1,,https://dc.fandom.com/wiki/Trial_of_the_Amazons_Vol_1
1671,1271,1,,2022,2022,1,,https://dc.fandom.com/wiki/Trial_of_the_Amazons:_Wonder_Girl_Vol_1
1672,1272,1,,2006,2008,1,,https://dc.fandom.com/wiki/The_Trials_of_Shazam!_Vol_1
1673,1273,1,,1973,1973,1,,https://dc.fandom.com/wiki/Trigger_Twins_Vol_1
1674,1274,1,,2008,2009,1,,https://dc.fandom.com/wiki/Trinity_Vol_1
1675,1274,2,,2016,2018,2,,https://dc.fandom.com/wiki/Trinity_Vol_2
1676,1275,1,,2014,2015,1,,https://dc.fandom.com/wiki/Trinity_of_Sin_Vol_1
1677,1276,1,,2013,2014,1,,https://dc.fandom.com/wiki/Trinity_of_Sin:_Pandora_Vol_1
1678,1277,1,,1995,1995,1,,https://dc.fandom.com/wiki/Triumph_Vol_1
1679,1278,1,,2000,2000,1,,https://dc.fandom.com/wiki/Trouble_Magnet_Vol_1
1680,1279,1,,2021,2021,1,,https://dc.fandom.com/wiki/Truth_&_Justice_Vol_1
1681,1280,1,,1990,1991,1,,https://dc.fandom.com/wiki/Twilight_Vol_1
1682,1281,1,,2025,2025,1,,https://dc.fandom.com/wiki/Two-Face_Vol_1
1683,1282,1,,2008,2008,1,,https://dc.fandom.com/wiki/Two-Face:_Year_One_Vol_1
1684,1283,1,,2006,2007,1,,https://dc.fandom.com/wiki/Uncle_Sam_and_the_Freedom_Fighters_Vol_1
1685,1283,2,,2007,2008,2,,https://dc.fandom.com/wiki/Uncle_Sam_and_the_Freedom_Fighters_Vol_2
1686,1284,1,,1941,1943,1,,https://dc.fandom.com/wiki/Uncle_Sam_Quarterly_Vol_1
1687,1285,1,,1987,1988,1,,https://dc.fandom.com/wiki/Underworld_Vol_1
1688,1286,1,,1995,1995,1,,https://dc.fandom.com/wiki/Underworld_Unleashed_Vol_1
1689,1287,1,,1968,1982,1,,https://dc.fandom.com/wiki/The_Unexpected_Vol_1
1690,1287,2,,2011,2011,2,,https://dc.fandom.com/wiki/The_Unexpected_Vol_2
1691,1287,3,,2018,2019,3,,https://dc.fandom.com/wiki/The_Unexpected_Vol_3
1692,1288,1,,2023,2023,1,,https://dc.fandom.com/wiki/Unstoppable_Doom_Patrol_Vol_1
1693,1289,1,,1980,1980,1,,https://dc.fandom.com/wiki/Untold_Legend_of_the_Batman_Vol_1
1694,1290,1,,1992,1994,1,,https://dc.fandom.com/wiki/Valor_Vol_1
1695,1291,1,,1999,1999,1,,https://dc.fandom.com/wiki/Vext_Vol_1
1696,1292,1,,2023,2024,1,,https://dc.fandom.com/wiki/The_Vigil_Vol_1
1697,1293,1,,1983,1988,1,,https://dc.fandom.com/wiki/Vigilante_Vol_1
1698,1293,2,,2005,2006,2,,https://dc.fandom.com/wiki/Vigilante_Vol_2
1699,1293,3,,2009,2010,3,,https://dc.fandom.com/wiki/Vigilante_Vol_3
1700,1294,1,,1995,1996,1,,"https://dc.fandom.com/wiki/Vigilante:_City_Lights,_Prairie_Justice_Vol_1"
1701,1295,1,,2016,2017,1,,https://dc.fandom.com/wiki/Vigilante:_Southland_Vol_1
1702,1296,1,,2005,2006,1,,https://dc.fandom.com/wiki/Villains_United_Vol_1
1703,1297,1,,1994,1994,1,,https://dc.fandom.com/wiki/Viper_Vol_1
1704,1298,1,,2008,2009,1,,https://dc.fandom.com/wiki/Vixen:_Return_of_the_Lion_Vol_1
1705,1299,1,,1988,1989,1,,https://dc.fandom.com/wiki/Wanderers_Vol_1
1706,1300,1,,1972,1973,1,,https://dc.fandom.com/wiki/Wanted_Vol_1
1707,1301,1,,2022,2022,1,,https://dc.fandom.com/wiki/War_for_Earth-3_Vol_1
1708,1302,1,,1991,1991,1,,https://dc.fandom.com/wiki/War_of_the_Gods_Vol_1
1709,1303,1,,2011,2011,1,,https://dc.fandom.com/wiki/War_of_the_Green_Lanterns:_Aftermath_Vol_1
1710,1304,1,,2008,2009,1,,https://dc.fandom.com/wiki/The_War_That_Time_Forgot_Vol_1
1711,1305,1,,1976,1988,1,,https://dc.fandom.com/wiki/Warlord_Vol_1
1712,1305,2,,1992,1992,2,,https://dc.fandom.com/wiki/Warlord_Vol_2
1713,1305,3,,2006,2007,3,,https://dc.fandom.com/wiki/Warlord_Vol_3
1714,1305,4,,2009,2010,4,,https://dc.fandom.com/wiki/Warlord_Vol_4
1715,1306,1,,1987,1989,1,,https://dc.fandom.com/wiki/Wasteland_Vol_1
1716,1307,1,,1986,1987,1,,https://dc.fandom.com/wiki/Watchmen_Vol_1
1717,1308,1,,2015,2016,1,,https://dc.fandom.com/wiki/We_Are_Robin_Vol_1
1718,1309,1,,2004,2005,1,,https://dc.fandom.com/wiki/We3_Vol_1
1719,1310,1,,2009,2009,1,,https://dc.fandom.com/wiki/Wednesday_Comics_Vol_1
1720,1311,1,,1972,1975,1,,https://dc.fandom.com/wiki/Weird_Mystery_Tales_Vol_1
1721,1312,1,,1971,1983,1,,https://dc.fandom.com/wiki/Weird_War_Tales_Vol_1
1722,1312,2,,1997,1997,2,,https://dc.fandom.com/wiki/Weird_War_Tales_Vol_2
1723,1313,1,,1972,1980,1,165,https://dc.fandom.com/wiki/Weird_Western_Tales_Vol_1
1724,1313,2,,2001,2001,2,,https://dc.fandom.com/wiki/Weird_Western_Tales_Vol_2
1725,1314,1,,1988,1988,1,,https://dc.fandom.com/wiki/The_Weird_Vol_1
1726,1315,1,,2023,2024,1,,https://dc.fandom.com/wiki/Wesley_Dodds:_The_Sandman_Vol_1
1727,1316,1,,1948,1961,1,,https://dc.fandom.com/wiki/Western_Comics_Vol_1
1728,1317,1,,1996,1996,1,,https://dc.fandom.com/wiki/WF3:_World's_Finest_Three_(Superboy/Robin)_Vol_1
1729,1318,1,,1987,1987,1,,https://dc.fandom.com/wiki/Wild_Dog_Vol_1
1730,1319,1,,1969,1978,1,,https://dc.fandom.com/wiki/The_Witching_Hour_Vol_1
1731,1319,2,,1999,1999,2,,https://dc.fandom.com/wiki/The_Witching_Hour_Vol_2
1732,1320,1,,2007,2008,1,,https://dc.fandom.com/wiki/Wonder_Girl_Vol_1
1733,1320,2,,2011,2011,2,,https://dc.fandom.com/wiki/Wonder_Girl_Vol_2
1734,1320,3,,2021,2022,3,,https://dc.fandom.com/wiki/Wonder_Girl_Vol_3
1735,1321,1,,2019,2020,1,,https://dc.fandom.com/wiki/Wonder_Twins_Vol_1
1736,1322,1,,1943,1944,,,https://dc.fandom.com/wiki/Wonder_Woman_(comic_strip)
1737,1323,1,,2019,2019,1,,https://dc.fandom.com/wiki/Wonder_Woman_Giant_Vol_1
1738,1323,2,,2019,2020,2,,https://dc.fandom.com/wiki/Wonder_Woman_Giant_Vol_2
1739,1324,1,,2022,2023,1,,https://dc.fandom.com/wiki/Wonder_Woman_Historia:_The_Amazons_Vol_1
1740,1325,1,,1998,2002,1,,https://dc.fandom.com/wiki/Wonder_Woman_Secret_Files_and_Origins_Vol_1
1741,1326,1,,2021,2022,1,,https://dc.fandom.com/wiki/Wonder_Woman:_Black_and_Gold_Vol_1
1742,1327,1,,2019,2020,1,,https://dc.fandom.com/wiki/Wonder_Woman:_Come_Back_to_Me_Vol_1
1743,1328,1,,2020,2020,1,,https://dc.fandom.com/wiki/Wonder_Woman:_Dead_Earth_Vol_1
1744,1329,1,,2016,2021,1,,https://dc.fandom.com/wiki/Wonder_Woman:_Earth_One_Vol_1
1745,1330,1,,2022,2022,1,,https://dc.fandom.com/wiki/Wonder_Woman:_Evolution_Vol_1
1746,1331,1,,2023,2023,1,,https://dc.fandom.com/wiki/Wonder_Woman:_War_of_the_Gods_Special_Edition_Vol_1
1747,1332,1,,1988,1988,1,,https://dc.fandom.com/wiki/World_of_Metropolis_Vol_1
1748,1333,1,,1988,1988,1,,https://dc.fandom.com/wiki/World_of_Smallville_Vol_1
1749,1334,1,,2007,2007,1,,https://dc.fandom.com/wiki/World_War_III_Vol_1
1750,1335,1,,1990,1991,1,,https://dc.fandom.com/wiki/World_Without_End_Vol_1
1751,1336,1,,1999,2003,1,,https://dc.fandom.com/wiki/World's_Greatest_Super-Heroes_Vol_1
1752,1337,1,,1978,1985,,,https://dc.fandom.com/wiki/The_World's_Greatest_Superheroes
1753,1338,1,,1988,1988,1,,https://dc.fandom.com/wiki/Wrath_of_the_Spectre_Vol_1
1754,1339,1,,1994,1995,1,,https://dc.fandom.com/wiki/Xenobrood_Vol_1
1755,1340,1,,1997,1998,1,,https://dc.fandom.com/wiki/Xero_Vol_1
1756,1341,1,,2020,2020,1,,https://dc.fandom.com/wiki/Year_of_the_Villain:_Hell_Arisen_Vol_1
1757,1342,1,,2005,2005,1,,https://dc.fandom.com/wiki/Year_One:_Batman/Ra's_al_Ghul_Vol_1
1758,1343,1,,2005,2005,1,,https://dc.fandom.com/wiki/Year_One:_Batman/Scarecrow_Vol_1
1759,1344,1,,1997,1998,1,,https://dc.fandom.com/wiki/Young_Heroes_in_Love_Vol_1
1760,1345,1,,1998,2003,1,,https://dc.fandom.com/wiki/Young_Justice_Vol_1
1761,1345,2,,2011,2013,2,,https://dc.fandom.com/wiki/Young_Justice_Vol_2
1762,1345,3,,2019,2021,3,,https://dc.fandom.com/wiki/Young_Justice_Vol_3
1763,1346,1,,2000,2000,1,,https://dc.fandom.com/wiki/Young_Justice:_Sins_of_Youth_Vol_1
1764,1347,1,,2022,2023,1,,https://dc.fandom.com/wiki/Young_Justice:_Targets_Vol_1
1765,1348,1,,1993,1993,1,,https://dc.fandom.com/wiki/Zatanna_Vol_1
1766,1348,2,,2010,2011,2,,https://dc.fandom.com/wiki/Zatanna_Vol_2
1767,1348,3,,2025,,3,,https://dc.fandom.com/wiki/Zatanna_Vol_3
1768,1349,1,,2024,2024,1,,https://dc.fandom.com/wiki/Zatanna:_Bring_Down_the_House_Vol_1
1769,1350,1,,1994,1994,1,,https://dc.fandom.com/wiki/Zero_Hour:_Crisis_in_Time_Vol_1
1770,1352,1,,2016,2016,1,,https://dc.fandomc.com/wiki/DCU:_Rebirth_Vol_1
1771,1353,1,,2009,2009,1,,https://dc.fandom.com/wiki/Faces_of_Evil
1772,991,2,,2010,2010,2,,
1773,992,2,,2010,2010,2,,
1774,136,2,,2010,2010,2,,
1775,1312,3,,2010,2010,3,,
1776,1135,3,,2011,2011,3,,
1777,1319,3,,2013,2013,3,,
1778,1354,1,,1998,1998,1,,
1779,1354,2,,2014,2014,2,,
1780,1355,1,,2018,2018,1,,
1781,1081,2,,2019,2019,2,,
1782,974,2,,2019,2019,2,,
1783,247,1,,2018,2018,1,,
1784,1161,2,,2010,2010,2,,
1785,1127,1,,1971,1971,1,,
1786,1356,1,,1953,1953,1,,https://dc.fandomc.com/wiki/3-D_Batman_Vol_1_1
1787,1357,1,,2002,2002,1,,https://dc.fandomc.com/wiki/9-11_Vol_1_2
1788,1358,1,,2024,2024,1,,https://dc.fandomc.com/wiki/Absolute_Power:_Ground_Zero_Vol_1_1
1789,1359,1,,2024,2024,1,,https://dc.fandomc.com/wiki/Absolute_Power:_Super_Son_Vol_1_1
1790,1360,1,,2018,2018,1,,https://dc.fandomc.com/wiki/Action_Comics_Special_Vol_1_1
1791,1361,1,,2008,2008,1,,https://dc.fandomc.com/wiki/Adam_Strange_Special_Vol_1_1
1792,1362,1,,2004,2004,1,,https://dc.fandomc.com/wiki/Advent_Rising_Vol_1_1
1793,1363,1,,1992,1992,1,,https://dc.fandomc.com/wiki/The_Adventures_of_Superboy_Special_Vol_1_1
1794,1364,1,,1992,1992,1,,https://dc.fandomc.com/wiki/Agent_Liberty_Special_Vol_1_1
1795,1365,1,,1999,1999,1,,https://dc.fandomc.com/wiki/All-Star_Comics_80-Page_Giant_Vol_1_1
1796,1366,1,,1996,1996,1,,https://dc.fandomc.com/wiki/Alpha_Centurion_Special_Vol_1_1
1797,1367,1,,1992,1992,1,,https://dc.fandomc.com/wiki/Ambush_Bug_Nothing_Special_Vol_1_1
1798,1368,1,,1986,1986,1,,https://dc.fandomc.com/wiki/Ambush_Bug_Stocking_Stuffer_Vol_1_1
1799,1369,1,,1986,1986,1,,https://dc.fandomc.com/wiki/Amethyst_Special_Vol_1_1
1800,1370,1,,2024,2024,1,,https://dc.fandomc.com/wiki/Ape-ril_Special_Vol_1_1
1937,1505,1,,1998,1998,1,,https://dc.fandomc.com/wiki/Batman:_Two_Faces_Vol_1_1
1801,1371,1,,2021,2021,1,,https://dc.fandomc.com/wiki/Aquaman_80th_Anniversary_100-Page_Super_Spectacular_Vol_1_1
1802,1372,1,,1988,1988,1,,https://dc.fandomc.com/wiki/Aquaman_Special_Vol_1_1
1803,1373,1,,2019,2019,1,,https://dc.fandomc.com/wiki/Aquaman/Justice_League:_Drowned_Earth_Vol_1_1
1804,1374,1,,2024,2024,1,,https://dc.fandomc.com/wiki/Aquaman:_Through_Fire_and_Water_Vol_1_1_(Digital)
1805,1375,1,,2021,2021,1,,https://dc.fandomc.com/wiki/Are_You_Afraid_of_Darkseid?_Vol_1_1
1806,1376,1,,1985,1985,1,,https://dc.fandomc.com/wiki/Arion_Lord_of_Atlantis_Special_Vol_1_1
1807,1377,1,,1989,1989,,,https://dc.fandomc.com/wiki/Arkham_Asylum:_A_Serious_House_on_Serious_Earth
1808,1378,1,,2010,2010,,,https://dc.fandomc.com/wiki/Arkham_Asylum:_Madness
1809,1379,1,,2015,2015,1,,https://dc.fandomc.com/wiki/Arkham_Manor:_Endgame_Vol_1_1
1810,1380,1,,1978,1978,1,,https://dc.fandomc.com/wiki/Army_At_War_Vol_1_1
1811,1381,1,,1996,1996,1,,https://dc.fandomc.com/wiki/Arsenal_Special_Vol_1_1
1812,1382,1,,2022,2022,1,,https://dc.fandomc.com/wiki/Artemis:_Wanted_Vol_1_1
1813,1383,1,,1990,1990,,,https://dc.fandomc.com/wiki/Atlas_of_the_DC_Universe
1814,1384,1,,2002,2002,1,,https://dc.fandomc.com/wiki/Batgirl_Secret_Files_and_Origins_Vol_1_1
1815,1385,1,,1988,1988,1,,https://dc.fandomc.com/wiki/Batgirl_Special_Vol_1_1
1816,1386,1,,2015,2015,1,,https://dc.fandomc.com/wiki/Batgirl:_Endgame_Vol_1_1
1817,1387,1,,2010,2010,1,,https://dc.fandomc.com/wiki/Batman_80-Page_Giant_2010_Vol_1_1
1818,1387,2,,2011,2011,2,,https://dc.fandomc.com/wiki/Batman_80-Page_Giant_2010_Vol_2_1
1819,1388,1,,2011,2011,1,,https://dc.fandomc.com/wiki/Batman_80-Page_Giant_2011_Vol_1_1
1820,1389,1,,2005,2005,,,https://dc.fandomc.com/wiki/Batman_Allies_Secret_Files_and_Origins_2005
1821,1390,1,,1992,1992,,,https://dc.fandomc.com/wiki/Batman_and_Dracula:_Red_Rain
1822,1391,1,,2007,2007,1,,https://dc.fandomc.com/wiki/Batman_and_the_Spirit_Vol_1_1
1823,1392,1,,2000,2000,,,https://dc.fandomc.com/wiki/Batman_Beyond_Files
1824,1393,1,,2000,2000,,,https://dc.fandomc.com/wiki/Batman_Beyond:_No_Place_Like_Home
1825,1394,1,,1997,1997,,,https://dc.fandomc.com/wiki/Batman_Chronicles:_The_Gauntlet
1894,1462,1,,1999,1999,1,,https://dc.fandomc.com/wiki/Batman:_Joker's_Apprentice_Vol_1_1
1826,1395,1,,2023,2023,1,,https://dc.fandomc.com/wiki/Batman_Day_2023_Special_Edition:_Batman/Catwoman:_The_Gotham_War_Prelude_Vol_1_1
1827,1396,1,,2009,2009,,,https://dc.fandomc.com/wiki/Batman_in_Barcelona:_Dragon's_Knight
1828,1397,1,,2013,2013,1,,https://dc.fandomc.com/wiki/Batman_Incorporated_Special_Vol_1_1
1829,1398,1,,2012,2012,1,,https://dc.fandomc.com/wiki/Batman_Incorporated:_Leviathan_Strikes!_Vol_1_1
1830,1399,1,,2000,2000,1,,https://dc.fandomc.com/wiki/The_Batman_of_Arkham_Vol_1_1
1831,1400,1,,2021,2021,1,,https://dc.fandomc.com/wiki/Batman_Special_Edition_(FCBD)_Vol_1_1
1832,1401,1,,2019,2019,1,,https://dc.fandomc.com/wiki/The_Batman_Who_Laughs:_The_Grim_Knight_Vol_1_1
1833,1402,1,,2022,2022,1,,https://dc.fandomc.com/wiki/Batman/Catwoman_Special_Vol_1_1
1834,1403,1,,2011,2011,1,,https://dc.fandomc.com/wiki/Batman/Catwoman:_Follow_the_Money_Vol_1_1
1835,1404,1,,2023,2023,1,,https://dc.fandomc.com/wiki/Batman/Catwoman:_The_Gotham_War:_Battle_Lines_Vol_1_1
1836,1405,1,,2023,2023,1,,https://dc.fandomc.com/wiki/Batman/Catwoman:_The_Gotham_War:_Scorched_Earth_Vol_1_1
1837,1406,1,,1994,1994,,,https://dc.fandomc.com/wiki/Batman/Dark_Joker:_The_Wild
1838,1407,1,,1997,1997,,,https://dc.fandomc.com/wiki/Batman/Deadman:_Death_and_Glory
1839,1408,1,,2000,2000,,,https://dc.fandomc.com/wiki/Batman/Demon:_A_Tragedy
1840,1409,1,,2010,2010,1,,https://dc.fandomc.com/wiki/Batman/Doc_Savage_Special_Vol_1_1
1841,1410,1,,1992,1992,,,https://dc.fandomc.com/wiki/Batman/Green_Arrow:_The_Poison_Tomorrow
1842,1411,1,,1993,1993,1,,https://dc.fandomc.com/wiki/Batman/Grendel:_Devil's_Masque_Vol_1_1
1843,1412,1,,1993,1993,1,,https://dc.fandomc.com/wiki/Batman/Grendel:_Devil's_Riddle_Vol_1_1
1844,1413,1,,1993,1993,,,https://dc.fandomc.com/wiki/Batman/Houdini:_Devil's_Workshop
1845,1414,1,,2003,2003,1,,https://dc.fandomc.com/wiki/Batman/Joker:_Switch_Vol_1_1
1846,1415,1,,2000,2000,1,,https://dc.fandomc.com/wiki/Batman/Lobo_Vol_1_1
1847,1416,1,,2002,2002,1,,https://dc.fandomc.com/wiki/Batman/Nightwing:_Bloodborne_Vol_1_1
1848,1417,1,,1997,1997,,,https://dc.fandomc.com/wiki/Batman/Phantom_Stranger
1849,1418,1,,2004,2004,,,https://dc.fandomc.com/wiki/Batman/Poison_Ivy:_Cast_Shadows
1850,1419,1,,1998,1998,1,,https://dc.fandomc.com/wiki/Batman/Scarecrow_3-D_Vol_1_1
1851,1420,1,,2001,2001,,,https://dc.fandomc.com/wiki/Batman/Scarface:_A_Psychodrama
1852,1421,1,,2022,2022,1,,https://dc.fandomc.com/wiki/Batman/Superman_Authority_Special_Vol_1_1
1853,1422,1,,2003,2003,,,https://dc.fandomc.com/wiki/Batman:_Absolution
1854,1423,1,,1998,1998,1,,https://dc.fandomc.com/wiki/Batman:_Arkham_Asylum_-_Tales_of_Madness_Vol_1_1
1855,1424,1,,1997,1997,,,https://dc.fandomc.com/wiki/Batman:_Bane
1856,1425,1,,1997,1997,,,https://dc.fandomc.com/wiki/Batman:_Batgirl
1857,1425,2,,1998,1998,2,,https://dc.fandomc.com/wiki/Batman:_Batgirl_Vol_2_1
1858,1426,1,,1993,1993,,,https://dc.fandomc.com/wiki/Batman:_Birth_of_the_Demon
1859,1427,1,,1998,1998,1,,https://dc.fandomc.com/wiki/Batman:_Blackgate_-_Isle_of_Men_Vol_1_1
1860,1428,1,,1997,1997,1,,https://dc.fandomc.com/wiki/Batman:_Blackgate_Vol_1_1
1861,1429,1,,1995,1995,,,https://dc.fandomc.com/wiki/Batman:_Bloodstorm
1862,1430,1,,1990,1990,,,https://dc.fandomc.com/wiki/Batman:_Bride_of_the_Demon
1863,1431,1,,1995,1995,,,https://dc.fandomc.com/wiki/Batman:_Brotherhood_of_the_Bat
1864,1432,1,,1999,1999,1,,https://dc.fandomc.com/wiki/Batman:_Bullock's_Law_Vol_1_1
1865,1433,1,,1994,1994,,,https://dc.fandomc.com/wiki/Batman:_Castle_of_the_Bat
1866,1434,1,,2003,2003,,,https://dc.fandomc.com/wiki/Batman:_Child_of_Dreams
1867,1435,1,,1999,1999,,,https://dc.fandomc.com/wiki/Batman:_Crimson_Mist
1868,1436,1,,1996,1996,,,https://dc.fandomc.com/wiki/Batman:_Dark_Allegiances
1869,1437,1,,1997,1997,,,https://dc.fandomc.com/wiki/Batman:_Dark_Knight_Dynasty
1870,1438,1,,1999,1999,1,,https://dc.fandomc.com/wiki/Batman:_Day_of_Judgment_Vol_1_1
1871,1439,1,,2012,2012,,,https://dc.fandomc.com/wiki/Batman:_Death_by_Design
1872,1440,1,,1996,1996,,,https://dc.fandomc.com/wiki/Batman:_Death_of_Innocents
1873,1441,1,,1996,1996,,,https://dc.fandomc.com/wiki/Batman:_Demon
1874,1442,1,,2003,2003,,,https://dc.fandomc.com/wiki/Batman:_Detective_No._27
1875,1443,1,,1990,1990,,,https://dc.fandomc.com/wiki/Batman:_Digital_Justice
1876,1444,1,,1999,1999,1,,https://dc.fandomc.com/wiki/Batman:_DOA_Vol_1_1
1877,1445,1,,2000,2000,,,https://dc.fandomc.com/wiki/Batman:_Dreamland
1878,1446,1,,2000,2000,1,,https://dc.fandomc.com/wiki/Batman:_Ego_Vol_1_1
1879,1447,1,,2021,2021,1,,https://dc.fandomc.com/wiki/Batman:_Fear_State:_Alpha_Vol_1_1
1880,1448,1,,2022,2022,1,,https://dc.fandomc.com/wiki/Batman:_Fear_State:_Omega_Vol_1_1
1881,1449,1,,1999,1999,,,https://dc.fandomc.com/wiki/Batman:_Fortunate_Son
1882,1450,1,,1991,1991,,,https://dc.fandomc.com/wiki/Batman:_Full_Circle
1883,1451,1,,1990,1990,,,https://dc.fandomc.com/wiki/Batman:_Gotham_by_Gaslight
1884,1452,1,,2000,2000,1,,https://dc.fandomc.com/wiki/Batman:_Gotham_City_Secret_Files_and_Origins_Vol_1_1
1885,1453,1,,2001,2001,,,https://dc.fandomc.com/wiki/Batman:_Gotham_Noir
1886,1454,1,,1999,1999,,,https://dc.fandomc.com/wiki/Batman:_Harley_Quinn
1887,1455,1,,2001,2001,,,https://dc.fandomc.com/wiki/Batman:_Harvest_Breed
1888,1456,1,,2010,2010,1,,https://dc.fandomc.com/wiki/Batman:_Hidden_Treasures_Vol_1_1
1889,1457,1,,1991,1991,,,https://dc.fandomc.com/wiki/Batman:_Holy_Terror
1890,1458,1,,2003,2003,,,https://dc.fandomc.com/wiki/Batman:_Hong_Kong
1891,1459,1,,1998,1998,1,,https://dc.fandomc.com/wiki/Batman:_Huntress_&_Spoiler_Vol_1_1
1892,1460,1,,1998,1998,,,"https://dc.fandomc.com/wiki/Batman:_I,_Joker"
1893,1461,1,,1994,1994,,,https://dc.fandomc.com/wiki/Batman:_In_Darkest_Knight
1895,1463,1,,1995,1995,,,https://dc.fandomc.com/wiki/Batman:_Knight_Gallery
1896,1464,1,,2021,2021,1,,https://dc.fandomc.com/wiki/Batman:_Knightwatch_-_Batman_Day_Special_Edition_Vol_1_1
1897,1465,1,,2023,2023,1,,https://dc.fandomc.com/wiki/Batman:_Legends_of_Gotham_Vol_1_1
1898,1466,1,,1997,1997,,,https://dc.fandomc.com/wiki/Batman:_Masque
1899,1467,1,,1992,1992,,,https://dc.fandomc.com/wiki/Batman:_Master_of_the_Future
1900,1468,1,,1998,1998,,,https://dc.fandomc.com/wiki/Batman:_Masterpieces
1901,1469,1,,1995,1995,,,https://dc.fandomc.com/wiki/Batman:_Mitefall
1902,1470,1,,1997,1997,,,https://dc.fandomc.com/wiki/Batman:_Mr._Freeze
1903,1471,1,,1992,1992,,,https://dc.fandomc.com/wiki/Batman:_Night_Cries
1904,1472,1,,2019,2019,,,https://dc.fandomc.com/wiki/Batman:_Nightwalker_(graphic_novel)
1905,1473,1,,2002,2002,,,https://dc.fandomc.com/wiki/Batman:_Nine_Lives
1906,1474,1,,1999,1999,1,,https://dc.fandomc.com/wiki/Batman:_No_Man's_Land_Secret_Files_and_Origins_Vol_1_1
1907,1475,1,,2012,2012,,,https://dc.fandomc.com/wiki/Batman:_Noël
1908,1476,1,,1999,1999,,,https://dc.fandomc.com/wiki/Batman:_Nosferatu
1909,1477,1,,2001,2001,1,,https://dc.fandomc.com/wiki/Batman:_Our_Worlds_at_War_Vol_1_1
1910,1478,1,,1992,1992,,,https://dc.fandomc.com/wiki/Batman:_Penguin_Triumphant
1911,1479,1,,2020,2020,1,,https://dc.fandomc.com/wiki/Batman:_Pennyworth_R.I.P._Vol_1_1
1912,1480,1,,1997,1997,,,https://dc.fandomc.com/wiki/Batman:_Poison_Ivy
1913,1481,1,,1999,1999,,,https://dc.fandomc.com/wiki/Batman:_Reign_of_Terror
1914,1482,1,,1995,1995,,,https://dc.fandomc.com/wiki/Batman:_Riddler
1915,1483,1,,2004,2004,,,https://dc.fandomc.com/wiki/Batman:_Room_Full_of_Strangers
1916,1484,1,,1996,1996,,,https://dc.fandomc.com/wiki/Batman:_Scar_of_the_Bat
1917,1485,1,,1998,1998,,,https://dc.fandomc.com/wiki/Batman:_Scottish_Connection
1918,1486,1,,1993,1993,1,,https://dc.fandomc.com/wiki/Batman:_Seduction_of_the_Gun_Vol_1_1
1919,1487,1,,1987,1987,,,https://dc.fandomc.com/wiki/Batman:_Son_of_the_Demon
1920,1488,1,,2002,2002,1,,https://dc.fandomc.com/wiki/Batman:_The_10-Cent_Adventure_Vol_1_1
1921,1489,1,,2004,2004,1,,https://dc.fandomc.com/wiki/Batman:_The_12-Cent_Adventure_Vol_1_1
1922,1490,1,,1998,1998,,,https://dc.fandomc.com/wiki/Batman:_The_Abduction
1923,1491,1,,2021,2021,1,,https://dc.fandomc.com/wiki/Batman:_The_Audio_Adventures_Special_Vol_1_1
1924,1492,1,,1993,1993,,,"https://dc.fandomc.com/wiki/Batman:_The_Blue,_the_Grey,_and_the_Bat"
1925,1493,1,,1999,1999,,,https://dc.fandomc.com/wiki/Batman:_The_Book_of_Shadows
1926,1494,1,,1999,1999,,,https://dc.fandomc.com/wiki/Batman:_The_Chalice
1927,1495,1,,2003,2003,,,https://dc.fandomc.com/wiki/Batman:_The_Golden_Streets_of_Gotham
1928,1496,1,,2000,2000,1,,https://dc.fandomc.com/wiki/Batman:_The_Hill_Vol_1_1
1929,1497,1,,2020,2020,1,,https://dc.fandomc.com/wiki/Batman:_The_Joker_War_Zone_Vol_1_1
1930,1498,1,,1980,1980,,,https://dc.fandomc.com/wiki/Batman:_The_Joker's_Last_Laugh_(Minicomic)
1931,1499,1,,1988,1988,,,https://dc.fandomc.com/wiki/Batman:_The_Killing_Joke
1932,1500,1,,1994,1994,,,https://dc.fandomc.com/wiki/Batman:_The_Last_Angel
1933,1501,1,,2021,2021,1,,https://dc.fandomc.com/wiki/Batman:_The_Long_Halloween_Special_Vol_1_1
1934,1502,1,,2005,2005,,,https://dc.fandomc.com/wiki/Batman:_The_Man_Who_Laughs
1935,1503,1,,2004,2004,,,https://dc.fandomc.com/wiki/Batman:_The_Order_of_Beasts
1936,1504,1,,2021,2021,,,https://dc.fandomc.com/wiki/Batman:_The_World
1938,1506,1,,1995,1995,,,https://dc.fandomc.com/wiki/Batman:_Two-Face
1939,1507,1,,1999,1999,,,https://dc.fandomc.com/wiki/Batman:_War_On_Crime
1940,1508,1,,2020,2020,1,,https://dc.fandomc.com/wiki/Batwoman/Supergirl:_World's_Finest_Giant_Vol_1_1
1941,1509,1,,2020,2020,1,,https://dc.fandomc.com/wiki/Birds_of_Prey_Giant_Vol_1_1
1942,1510,1,,2003,2003,,,https://dc.fandomc.com/wiki/Birds_of_Prey_Secret_Files_and_Origins_2003
1943,1511,1,,1998,1998,1,,https://dc.fandomc.com/wiki/Birds_of_Prey:_Batgirl_Vol_1_1
1944,1512,1,,2003,2003,,,https://dc.fandomc.com/wiki/Birds_of_Prey:_Batgirl/Catwoman
1945,1513,1,,1996,1996,1,,https://dc.fandomc.com/wiki/Birds_of_Prey:_Black_Canary/Oracle_Vol_1_1
1946,1514,1,,2003,2003,,,https://dc.fandomc.com/wiki/Birds_of_Prey:_Catwoman/Oracle
1947,1515,1,,1997,1997,1,,https://dc.fandomc.com/wiki/Birds_of_Prey:_Revolution_Vol_1_1
1948,1516,1,,1998,1998,1,,https://dc.fandomc.com/wiki/Birds_of_Prey:_The_Ravens_Vol_1_1
1949,1517,1,,1997,1997,1,,https://dc.fandomc.com/wiki/Birds_of_Prey:_Wolves_Vol_1_1
1950,1518,1,,2001,2001,,,https://dc.fandomc.com/wiki/Bizarro_Comics
1951,1519,1,,2005,2005,,,https://dc.fandomc.com/wiki/Bizarro_World_(graphic_novel)
1952,1520,1,,2021,2021,1,,https://dc.fandomc.com/wiki/Black_Adam:_Endless_Winter_Special_Vol_1_1
1953,1521,1,,2019,2019,1,,https://dc.fandomc.com/wiki/Black_Adam:_Year_of_the_Villain_Vol_1_1
1954,1522,1,,2014,2014,,,https://dc.fandomc.com/wiki/Black_Canary_and_Zatanna:_Bloodspell
1955,1523,1,,2007,2007,1,,https://dc.fandomc.com/wiki/Black_Canary_Wedding_Planner_Vol_1_1
1956,1524,1,,2019,2019,,,https://dc.fandomc.com/wiki/Black_Canary:_Ignite
1957,1525,1,,2019,2019,1,,https://dc.fandomc.com/wiki/Black_Mask:_Year_of_the_Villain_Vol_1_1
1958,1526,1,,2017,2017,1,,https://dc.fandomc.com/wiki/The_Black_Racer_and_Shilo_Norman_Special_Vol_1_1
1959,1527,1,,1992,1992,1,,https://dc.fandomc.com/wiki/Blackhawk_Special_Vol_1_1
1960,1528,1,,1989,1989,1,,https://dc.fandomc.com/wiki/Blasters_Special_Vol_1_1
1961,1529,1,,2006,2006,1,,https://dc.fandomc.com/wiki/Brave_New_World_Vol_1_1
1962,1530,1,,2010,2010,1,,https://dc.fandomc.com/wiki/Brightest_Day:_The_Atom_Special_Vol_1_1
1963,1531,1,,2020,2020,1,,https://dc.fandomc.com/wiki/Catwoman_80th_Anniversary_100-Page_Super_Spectacular_Vol_1_1
1964,1532,1,,2002,2002,1,,https://dc.fandomc.com/wiki/Catwoman_Secret_Files_and_Origins_Vol_1_1
1965,1533,1,,1992,1992,,,https://dc.fandomc.com/wiki/Catwoman:_Defiant
1966,1534,1,,2017,2017,1,,https://dc.fandomc.com/wiki/Catwoman:_Election_Night_Vol_1_1
1967,1535,1,,2002,2002,,,https://dc.fandomc.com/wiki/Catwoman:_Selina's_Big_Score
1968,1536,1,,2024,2024,1,,https://dc.fandomc.com/wiki/Catwoman:_The_Legacy_Cowl_Vol_1_1
1969,1537,1,,2018,2018,1,,https://dc.fandomc.com/wiki/Cave_Carson_Has_a_Cybernetic_Eye/Swamp_Thing_Special_Vol_1_1
1970,1538,1,,2005,2005,1,,https://dc.fandomc.com/wiki/Countdown_to_Infinite_Crisis_Vol_1_1
1971,1539,1,,2018,2018,1,,https://dc.fandomc.com/wiki/Cursed_Comics_Cavalcade_Vol_1_1
1972,1540,1,,2000,2000,,,https://dc.fandomc.com/wiki/Daily_Planet_Guide_to_Gotham_City
1973,1541,1,,1988,1988,1,,https://dc.fandomc.com/wiki/Daily_Planet_Invasion_Special_Vol_1_1
1974,1542,1,,2016,2016,1,,https://dc.fandomc.com/wiki/The_Dark_Knight_Returns:_The_Last_Crusade_Vol_1_1
1975,1543,1,,2022,2022,1,,https://dc.fandomc.com/wiki/Dark_Knights_of_Steel:_Tales_from_the_Three_Kingdoms_Vol_1_1
1976,1544,1,,2022,2022,1,,https://dc.fandomc.com/wiki/Dark_Knights_of_Steel:_The_Gathering_Storm_Vol_1_1
1977,1545,1,,2017,2017,1,,https://dc.fandomc.com/wiki/Darkseid_Special_Vol_1_1
1978,1546,1,,2023,2023,1,,https://dc.fandomc.com/wiki/Dawn_of_DC_Primer_Special_Edition_Vol_1_1
1979,1547,1,,2023,2023,1,,https://dc.fandomc.com/wiki/Dawn_of_DC:_We_Are_Legends_Special_Edition_Vol_1_1
1980,1548,1,,1999,1999,1,,https://dc.fandomc.com/wiki/Day_of_Judgment_Secret_Files_and_Origins_Vol_1_1
1981,1549,1,,2024,2024,1,,https://dc.fandomc.com/wiki/DC_All_In_Special_Vol_1_1
1982,1550,1,,2011,2011,1,,https://dc.fandomc.com/wiki/DC_Comics:_The_New_52_Vol_1_1
1983,1551,1,,2020,2020,1,,https://dc.fandomc.com/wiki/DC_Cybernetic_Summer_Vol_1_1
1984,1552,1,,2021,2021,1,,https://dc.fandomc.com/wiki/DC_Festival_of_Heroes:_The_Asian_Superhero_Celebration_Vol_1_1
1985,1553,1,,2002,2002,1,,https://dc.fandomc.com/wiki/DC_First:_Batgirl/Joker_Vol_1_1
1986,1554,1,,2002,2002,1,,https://dc.fandomc.com/wiki/DC_First:_Flash/Superman_Vol_1_1
1987,1555,1,,2002,2002,1,,https://dc.fandomc.com/wiki/DC_First:_Green_Lantern/Green_Lantern_Vol_1_1
1988,1556,1,,2002,2002,1,,https://dc.fandomc.com/wiki/DC_First:_Superman/Lobo_Vol_1_1
1989,1557,1,,2009,2009,1,,https://dc.fandomc.com/wiki/DC_Halloween_Special_Vol_1_2009
1990,1558,1,,2018,2018,1,,https://dc.fandomc.com/wiki/DC_Holiday_Special_2017_Vol_1_1
1991,1559,1,,2017,2017,1,,https://dc.fandomc.com/wiki/DC_House_of_Horror_Vol_1_1
1992,1560,1,,2021,2021,1,,https://dc.fandomc.com/wiki/DC_Love_Is_a_Battlefield_Vol_1_1
1993,1561,1,,2020,2020,1,,https://dc.fandomc.com/wiki/DC_Nation_Presents_DC:_Future_State_Vol_1_1
1994,1562,1,,2019,2019,1,,https://dc.fandomc.com/wiki/DC_Nuclear_Winter_Special_Vol_1_1
1995,1563,1,,1999,1999,1,,https://dc.fandomc.com/wiki/DC_One_Million_80-Page_Giant_Vol_1_1000000
1996,1564,1,,2024,2024,1,,https://dc.fandomc.com/wiki/DC_Power_2024_Vol_1_1
1997,1565,1,,2023,2023,1,,https://dc.fandomc.com/wiki/DC_Power:_A_Celebration_Vol_1_1
1998,1566,1,,2025,2025,1,,https://dc.fandomc.com/wiki/DC_Power:_Rise_of_the_Power_Company_Vol_1_1
1999,1567,1,,2022,2022,1,,https://dc.fandomc.com/wiki/DC_Pride_2022_Vol_1_1
2000,1568,1,,2023,2023,1,,https://dc.fandomc.com/wiki/DC_Pride_2023_Vol_1_1
2001,1569,1,,2024,2024,1,,https://dc.fandomc.com/wiki/DC_Pride_2024_Vol_1_1
2002,1570,1,,2025,2025,1,,https://dc.fandomc.com/wiki/DC_Pride_2025_Vol_1_1
2003,1571,1,,2021,2021,1,,https://dc.fandomc.com/wiki/DC_Pride_Vol_1_1
2004,1572,1,,2024,2024,1,,https://dc.fandomc.com/wiki/DC_Pride:_A_Celebration_of_Rachel_Pollack_Vol_1_1
2005,1573,1,,2023,2023,1,,https://dc.fandomc.com/wiki/DC_Pride:_Through_the_Years_Vol_1_1
2006,1574,1,,2022,2022,1,,https://dc.fandomc.com/wiki/DC_Pride:_Tim_Drake_Special_Vol_1_1
2007,1575,1,,2017,2017,1,,https://dc.fandomc.com/wiki/DC_Rebirth_Holiday_Special_Vol_1_1
2008,1576,1,,2008,2008,1,,https://dc.fandomc.com/wiki/DC_Universe_Halloween_Special_Vol_1_1
2009,1577,1,,2010,2010,1,,https://dc.fandomc.com/wiki/DC_Universe_Holiday_Special_'09_Vol_1_1
2010,1578,1,,2009,2009,1,,https://dc.fandomc.com/wiki/DC_Universe_Holiday_Special_Vol_1_1
2011,1579,1,,2008,2008,1,,https://dc.fandomc.com/wiki/DC_Universe_Special_-_Justice_League_of_America_Vol_1_1
2012,1580,1,,2008,2008,1,,https://dc.fandomc.com/wiki/DC_Universe_Special:_Reign_in_Hell_Vol_1_1
2013,1581,1,,2008,2008,1,,https://dc.fandomc.com/wiki/DC_Universe_Vol_1_0
2014,553,1.3,DC vs. Vampires: Hunters,2022,2022,1,,https://dc.fandomc.com/wiki/DC_vs._Vampires:_Hunters_Vol_1_1
2015,553,1.2,DC vs. Vampires: Killers,2022,2022,1,,https://dc.fandomc.com/wiki/DC_vs._Vampires:_Killers_Vol_1_1
2016,553,2.1,DC vs. Vampires: World War V: Darkness and Light,2025,2025,1,,https://dc.fandomc.com/wiki/DC_vs._Vampires:_World_War_V:_Darkness_and_Light_Vol_1_1
2017,1582,1,,2019,2019,1,,https://dc.fandomc.com/wiki/DCeased:_A_Good_Day_to_Die_Vol_1_1
2018,1583,1,,2025,2025,1,,"https://dc.fandomc.com/wiki/DC's_Batman_Smells,_Robin_Laid_an_Egg_Vol_1_1"
2019,1584,1,,2018,2018,1,,https://dc.fandomc.com/wiki/DC's_Beach_Blanket_Bad_Guys_Summer_Special_Vol_1_1
2020,1585,1,,2020,2020,1,,https://dc.fandomc.com/wiki/DC's_Crimes_of_Passion_Vol_1_1
2021,1586,1,,2023,2023,1,,https://dc.fandomc.com/wiki/DC's_Ghouls_Just_Wanna_Have_Fun_Vol_1_1
2022,1587,1,,2023,2023,1,,https://dc.fandomc.com/wiki/DC's_Grifter_Got_Run_Over_by_a_Reindeer_Vol_1_1
2023,1588,1,,2023,2023,1,,https://dc.fandomc.com/wiki/DC's_Harley_Quinn_Romances_Vol_1_1
2024,1589,1,,2024,2024,1,,https://dc.fandomc.com/wiki/DC's_How_to_Lose_a_Guy_Gardner_in_10_Days_Vol_1_1
2025,1590,1,,2024,2024,1,,https://dc.fandomc.com/wiki/DC's_I_Know_What_You_Did_Last_Crisis_Vol_1_1
2026,1591,1,,2023,2023,1,,https://dc.fandomc.com/wiki/DC's_Legion_of_Bloom_Vol_1_1
2027,1592,1,,2025,2025,1,,https://dc.fandomc.com/wiki/DC's_Lex_and_the_City_Vol_1_1
2028,1593,1,,2022,2022,1,,https://dc.fandomc.com/wiki/DC's_Saved_by_the_Belle_Reve_Vol_1_1
2029,1594,1,,2024,2024,1,,https://dc.fandomc.com/wiki/DC's_Spring_Breakout!_Vol_1_1
2030,1595,1,,2022,2022,1,,https://dc.fandomc.com/wiki/DC's_Terrors_Through_Time_Vol_1_1
2031,1596,1,,2024,2024,1,,https://dc.fandomc.com/wiki/DC's_'Twas_the_Mite_Before_Christmas_Vol_1_1
2032,1597,1,,2021,2021,1,,https://dc.fandomc.com/wiki/DC's_Very_Merry_Multiverse_Vol_1_1
2033,1598,1,,2019,2019,1,,https://dc.fandomc.com/wiki/DC's_Year_of_the_Villain_Special_Vol_1_1
2034,1599,1,,2010,2010,1,,https://dc.fandomc.com/wiki/DCU_Halloween_Special_2010_Vol_1_1
2035,1600,1,,1999,1999,1,,https://dc.fandomc.com/wiki/DCU_Heroes_Secret_Files_and_Origins_Vol_1_1
2036,1601,1,,2011,2011,1,,https://dc.fandomc.com/wiki/DCU_Holiday_Special_2010_Vol_1_1
2037,1602,1,,2007,2007,1,,https://dc.fandomc.com/wiki/DCU_Infinite_Holiday_Special_Vol_1_1
2038,1603,1,,1999,1999,1,,https://dc.fandomc.com/wiki/DCU_Villains_Secret_Files_and_Origins_Vol_1_1
2039,1604,1,,2008,2008,1,,https://dc.fandomc.com/wiki/DCU:_Last_Will_and_Testament_Vol_1_1
2040,1605,1,,2023,2023,1,,https://dc.fandomc.com/wiki/The_Death_of_Superman_30th_Anniversary_Special_Vol_1_1
2041,1606,1,,2019,2019,1,,https://dc.fandomc.com/wiki/Detective_Comics:_Batman_80th_Anniversary_Giant_Vol_1_1
2042,1607,1,,2015,2015,1,,https://dc.fandomc.com/wiki/Detective_Comics:_Endgame_Vol_1_1
2043,1608,1,,1996,1996,1,,https://dc.fandomc.com/wiki/Detention_Comics_Vol_1_1
2044,1609,1,,2015,2015,1,,https://dc.fandomc.com/wiki/Divergence_Vol_1_1
2045,1610,1,,2019,2019,1,,https://dc.fandomc.com/wiki/Dog_Days_of_Summer_Vol_1_1
2046,1611,1,,1992,1992,1,,https://dc.fandomc.com/wiki/Doom_Force_Special_Vol_1_1
2047,1612,1,,1988,1988,1,,https://dc.fandomc.com/wiki/Doom_Patrol_and_Suicide_Squad_Special_Vol_1_1
2048,1613,1,,2018,2018,1,,https://dc.fandomc.com/wiki/Doom_Patrol/JLA_Special_Vol_1_1
2049,1614,1,,1995,1995,1,,https://dc.fandomc.com/wiki/Doomsday_Annual_Vol_1_1
2050,1615,1,,1999,1999,1,,https://dc.fandomc.com/wiki/Elseworlds_80-Page_Giant_Vol_1_1
2051,1616,1,,1998,1998,1,,https://dc.fandomc.com/wiki/Elseworld's_Finest:_Supergirl_&_Batgirl_Vol_1_1
2052,1617,1,,1987,1987,1,,https://dc.fandomc.com/wiki/Elvira's_House_of_Mystery_Special_Vol_1_1
2053,1618,1,,2000,2000,1,,https://dc.fandomc.com/wiki/Emperor_Joker_Vol_1_1
2054,1619,1,,1990,1990,1,,https://dc.fandomc.com/wiki/Enemy_Ace:_War_Idyll_Vol_1_1
2055,1620,1,,2023,2023,1,,https://dc.fandomc.com/wiki/FCBD_2023_Dawn_of_DC:_Knight_Terrors_Special_Edition_Vol_1_1
2056,1621,1,,2024,2024,1,,https://dc.fandomc.com/wiki/FCBD_2024_Absolute_Power_Special_Edition_Vol_1_1
2057,1622,1,,2025,2025,1,,https://dc.fandomc.com/wiki/FCBD_2025:_All_In/Absolute_Universe_Special_Edition_Vol_1_1
2058,1623,1,,2022,2022,1,,https://dc.fandomc.com/wiki/FCBD_Dark_Crisis_Special_Edition_Vol_1_0
2059,1624,1,,2008,2008,1,,https://dc.fandomc.com/wiki/Final_Crisis:_Rage_of_the_Red_Lanterns_Vol_1_1
2060,1625,1,,2008,2008,1,,https://dc.fandomc.com/wiki/Final_Crisis:_Requiem_Vol_1_1
2061,1626,1,,2008,2008,1,,https://dc.fandomc.com/wiki/Final_Crisis:_Resist_Vol_1_1
2062,1627,1,,2009,2009,1,,https://dc.fandomc.com/wiki/Final_Crisis:_Secret_Files_Vol_1_1
2063,1628,1,,2008,2008,1,,https://dc.fandomc.com/wiki/Final_Crisis:_Submit_Vol_1_1
2064,1629,1,,2011,2011,1,,https://dc.fandomc.com/wiki/First_Wave_Special_Vol_1_1
2065,1630,1,,2021,2021,,,https://dc.fandomc.com/wiki/Flash_Facts
2066,1631,1,,1993,1993,,,https://dc.fandomc.com/wiki/Flash_vs._Dr._Polaris
2067,1632,1,,2001,2001,,,https://dc.fandomc.com/wiki/The_Flash:_Iron_Heights
2068,1633,1,,2002,2002,,,https://dc.fandomc.com/wiki/Flash:_Time_Flies
2069,1634,1,,2014,2014,1,,https://dc.fandomc.com/wiki/Forever_Evil_Aftermath:_Batman_vs._Bane_Vol_1_1
2070,1635,1,,2020,2020,1,,https://dc.fandomc.com/wiki/From_Beyond_the_Unknown_Giant_Vol_1_1
2071,1636,1,,2024,2024,1,,https://dc.fandomc.com/wiki/From_the_DC_Vault:_Batman_Vol_1_428:_Robin_Lives!
2072,1637,1,,2021,2021,1,,https://dc.fandomc.com/wiki/Future_State:_Superman:_House_of_El_Vol_1_1
2073,1638,1,,2021,2021,1,,https://dc.fandomc.com/wiki/Future_State:_Teen_Titans_-_Ruins_Vol_1_1
2074,1639,1,,2021,2021,1,,https://dc.fandomc.com/wiki/Generations_Forged_Vol_1_1
2075,1640,1,,2021,2021,1,,https://dc.fandomc.com/wiki/Generations_Shattered_Vol_1_1
2076,1641,1,,2019,2019,1,,https://dc.fandomc.com/wiki/Ghosts_Giant_Vol_1_1
2077,1642,1,,2011,2011,1,,https://dc.fandomc.com/wiki/Giant-Size_Atom_Vol_1_1
2078,1643,1,,2023,2023,1,,https://dc.fandomc.com/wiki/G'nort's_Swimsuit_Edition_Vol_1_1
2079,1644,1,,2001,2001,1,,https://dc.fandomc.com/wiki/Golden_Age_Secret_Files_and_Origins_Vol_1_1
2080,1645,1,,2015,2015,1,,https://dc.fandomc.com/wiki/Gotham_Academy:_Endgame_Vol_1_1
2081,1646,1,,2023,2023,1,,https://dc.fandomc.com/wiki/Gotham_Academy:_Maps_of_Mystery_Vol_1_1
2082,1647,1,,2022,2022,1,,https://dc.fandomc.com/wiki/Gotham_City_Villains_Anniversary_Giant_Vol_1_1
2083,1648,1,,2021,2021,1,,https://dc.fandomc.com/wiki/Green_Arrow_80th_Anniversary_100-Page_Super_Spectacular_Vol_1_1
2084,1649,1,,2007,2007,1,,https://dc.fandomc.com/wiki/Green_Arrow_and_Black_Canary_Wedding_Special_Vol_1_1
2085,1650,1,,2002,2002,1,,https://dc.fandomc.com/wiki/Green_Arrow_Secret_Files_and_Origins_Vol_1_1
2086,1651,1,,2022,2022,,,https://dc.fandomc.com/wiki/Green_Arrow:_Stranded
2087,1652,1,,1998,1998,1,,https://dc.fandomc.com/wiki/Green_Lantern_3-D_Vol_1_1
2088,1653,1,,2020,2020,1,,https://dc.fandomc.com/wiki/Green_Lantern_80th_Anniversary_100-Page_Super_Spectacular_Vol_1_1
2089,1654,1,,1996,1996,1,,https://dc.fandomc.com/wiki/Green_Lantern_Silver_Surfer:_Unholy_Alliances_Vol_1_1
2090,1655,1,,2011,2011,1,,https://dc.fandomc.com/wiki/Green_Lantern/Plastic_Man:_Weapons_of_Mass_Deception_Vol_1_1
2091,1656,1,,2001,2001,,,https://dc.fandomc.com/wiki/Green_Lantern:_1001_Emerald_Nights
2092,1657,1,,2002,2002,1,,"https://dc.fandomc.com/wiki/Green_Lantern:_Brightest_Day,_Blackest_Night_Vol_1_1"
2093,1658,1,,1999,1999,,,https://dc.fandomc.com/wiki/Green_Lantern:_Fear_Itself
2094,1659,1,,1992,1992,,,https://dc.fandomc.com/wiki/Green_Lantern:_Ganthet's_Tale
2095,1660,1,,2020,2020,1,,https://dc.fandomc.com/wiki/Green_Lantern:_Legacy_Vol_1_1
2096,1661,1,,2001,2001,1,,https://dc.fandomc.com/wiki/Green_Lantern:_Our_Worlds_at_War_Vol_1_1
2097,1662,1,,2011,2011,1,,https://dc.fandomc.com/wiki/Green_Lantern:_Rise_of_the_Manhunters_Vol_1_1
2098,1663,1,,2007,2007,1,,https://dc.fandomc.com/wiki/Green_Lantern:_Sinestro_Corps_Special_Vol_1_1
2099,1664,1,,2001,2001,,,https://dc.fandomc.com/wiki/Green_Lantern:_Willworld
2100,1665,1,,2001,2001,,,https://dc.fandomc.com/wiki/Harley_and_Ivy:_Love_on_the_Lam
2101,1666,1,,2016,2016,1,,https://dc.fandomc.com/wiki/Harley_Quinn_&_the_Suicide_Squad_Special_Edition_Vol_1_1
2102,1667,1,,2017,2017,1,,https://dc.fandomc.com/wiki/Harley_Quinn_25th_Anniversary_Special_Vol_1_1
2103,1668,1,,2022,2022,1,,https://dc.fandomc.com/wiki/Harley_Quinn_30th_Anniversary_Special_Vol_1_1
2104,1669,1,,2016,2016,1,,https://dc.fandomc.com/wiki/Harley_Quinn_and_the_Suicide_Squad_April_Fool's_Special_Vol_1_1
2105,1670,1,,2025,2025,1,,https://dc.fandomc.com/wiki/Harley_Quinn_Fartacular:_Silent_Butt_Deadly_Vol_1_1
2106,1671,1,,2015,2015,1,,https://dc.fandomc.com/wiki/Harley_Quinn_Holiday_Special_Vol_1_1
2107,1672,1,,2014,2014,1,,https://dc.fandomc.com/wiki/Harley_Quinn_Invades_Comic-Con_International:_San_Diego_Vol_1_1
2108,1673,1,,2015,2015,1,,https://dc.fandomc.com/wiki/Harley_Quinn_Road_Trip_Special_Vol_1_1
2109,1674,1,,2015,2015,1,,https://dc.fandomc.com/wiki/Harley_Quinn_Valentine's_Day_Special_Vol_1_1
2110,1675,1,,2016,2016,1,,https://dc.fandomc.com/wiki/Harley_Quinn:_Be_Careful_What_You_Wish_For_Vol_1_1
2111,1676,1,,2019,2019,,,https://dc.fandomc.com/wiki/Harley_Quinn:_Breaking_Glass
2112,1677,1,,2001,2001,1,,https://dc.fandomc.com/wiki/Harley_Quinn:_Our_Worlds_at_War_Vol_1_1
2113,1678,1,,2023,2023,1,,https://dc.fandomc.com/wiki/Harley_Quinn:_The_Arkham_Asylum_Files_Vol_1_1_(Digital)
2114,1679,1,,2020,2020,1,,https://dc.fandomc.com/wiki/Harley_Quinn's_Villain_of_the_Year_Vol_1_1
2115,1680,1,,2002,2002,1,,https://dc.fandomc.com/wiki/Hawkman_Secret_Files_and_Origins_Vol_1_1
2116,1681,1,,2000,2000,1,,https://dc.fandomc.com/wiki/Hitman/Lobo:_That_Stupid_Bastich_Vol_1_1
2117,1682,1,,1991,1991,1,,https://dc.fandomc.com/wiki/Human_Target_Special_Vol_1_1
2118,1683,1,,2002,2002,,,https://dc.fandomc.com/wiki/Human_Target:_Final_Cut
2119,1684,1,,2023,2023,1,,https://dc.fandomc.com/wiki/Husk:_A_Tale_from_the_Weedkiller_Wastewoods_Vol_1_1_(Digital)
2120,1685,1,,2010,2010,,,https://dc.fandomc.com/wiki/Icons:_The_DC_Comics_and_WildStorm_Art_of_Jim_Lee
2121,1686,1,,1998,1998,1,,https://dc.fandomc.com/wiki/Impulse/Atom:_Double_Shot_Vol_1_1
2122,1687,1,,1999,1999,1,,https://dc.fandomc.com/wiki/Impulse:_Bart_Saves_the_Universe_Vol_1_1
2123,1688,1,,2006,2006,1,,https://dc.fandomc.com/wiki/Infinite_Crisis_Secret_Files_and_Origins_Vol_1_1
2124,1689,1,,2006,2006,1,,https://dc.fandomc.com/wiki/Infinite_Crisis_Special:_Day_of_Vengeance_Vol_1_1
2125,1690,1,,2006,2006,1,,https://dc.fandomc.com/wiki/Infinite_Crisis_Special:_OMAC_Project_Vol_1_1
2126,1691,1,,2006,2006,1,,https://dc.fandomc.com/wiki/Infinite_Crisis_Special:_Rann-Thanagar_War_Vol_1_1
2127,1692,1,,2006,2006,1,,https://dc.fandomc.com/wiki/Infinite_Crisis_Special:_Villains_United_Vol_1_1
2128,1693,1,,2021,2021,1,,https://dc.fandomc.com/wiki/Infinite_Frontier_Secret_Files_Vol_1_1
2129,1694,1,,2007,2007,1,,https://dc.fandomc.com/wiki/Infinite_Halloween_Special_Vol_1_1
2130,1695,1,,1987,1987,1,,https://dc.fandomc.com/wiki/Infinity_Inc._Special_Vol_1_1
2131,1696,1,,1992,1992,,,https://dc.fandomc.com/wiki/Ironwolf:_Fires_of_the_Revolution
2132,1697,1,,2011,2011,1,,https://dc.fandomc.com/wiki/Jimmy_Olsen_Vol_1_1
2133,1698,1,,2021,2021,1,,https://dc.fandomc.com/wiki/Jinny_Hex_Special_Vol_1_1
2134,1699,1,,2011,2011,,,https://dc.fandomc.com/wiki/JLA_80-Page_Giant_2011
2135,1700,1,,1998,1998,1,,https://dc.fandomc.com/wiki/JLA_in_Crisis_Secret_Files_and_Origins_Vol_1_1
2136,1701,1,,2000,2000,1,,https://dc.fandomc.com/wiki/JLA_Showcase_80-Page_Giant_Vol_1_1
2137,1702,1,,2018,2018,1,,https://dc.fandomc.com/wiki/JLA/Doom_Patrol_Special_Vol_1_1
2138,1703,1,,2002,2002,1,,https://dc.fandomc.com/wiki/JLA/Haven:_Anathema_Vol_1_1
2139,1704,1,,2002,2002,1,,https://dc.fandomc.com/wiki/JLA/Haven:_Arrival_Vol_1_1
2140,1705,1,,2003,2003,1,,https://dc.fandomc.com/wiki/JLA/JSA_Secret_Files_and_Origins_Vol_1_1
2141,1706,1,,2003,2003,,,https://dc.fandomc.com/wiki/JLA/JSA:_Virtue_and_Vice
2142,1707,1,,2000,2000,1,,https://dc.fandomc.com/wiki/JLA/Witchblade_Vol_1_1
2143,1708,1,,2001,2001,,,https://dc.fandomc.com/wiki/JLA:_A_League_of_One
2144,1709,1,,2000,2000,,,https://dc.fandomc.com/wiki/JLA:_Earth-2
2145,1710,1,,1999,1999,,,https://dc.fandomc.com/wiki/JLA:_Foreign_Bodies
2146,1711,1,,2001,2001,,,https://dc.fandomc.com/wiki/JLA:_Gods_and_Monsters
2147,1712,1,,2000,2000,,,https://dc.fandomc.com/wiki/JLA:_Heaven's_Ladder
2148,1713,1,,2002,2002,,,https://dc.fandomc.com/wiki/JLA:_Island_of_Dr._Moreau
2149,1714,1,,2004,2004,,,https://dc.fandomc.com/wiki/JLA:_Liberty_and_Justice
2150,1715,1,,2001,2001,1,,https://dc.fandomc.com/wiki/JLA:_Our_Worlds_at_War_Vol_1_1
2151,1716,1,,1999,1999,,,https://dc.fandomc.com/wiki/JLA:_Primeval
2152,1717,1,,2002,2002,,,https://dc.fandomc.com/wiki/JLA:_Riddle_of_the_Beast
2153,1718,1,,2003,2003,,,https://dc.fandomc.com/wiki/JLA:_Secret_Origins
2154,1719,1,,2000,2000,,,https://dc.fandomc.com/wiki/JLA:_Seven_Caskets
2155,1720,1,,2002,2002,,,https://dc.fandomc.com/wiki/JLA:_Shogun_of_Steel
2156,1721,1,,1999,1999,,,https://dc.fandomc.com/wiki/JLA:_Superpower
2157,1722,1,,1998,1998,1,,https://dc.fandomc.com/wiki/JLA:_Tomorrow_Woman_Vol_1_1
2158,1723,1,,2003,2003,,,https://dc.fandomc.com/wiki/JLA:_Welcome_to_the_Working_Week
2159,1724,1,,2008,2008,,,https://dc.fandomc.com/wiki/Joker_(graphic_novel)
2160,1725,1,,2020,2020,1,,https://dc.fandomc.com/wiki/The_Joker_80th_Anniversary_100-Page_Super_Spectacular_Vol_1_1
2161,1726,1,,1996,1996,,,https://dc.fandomc.com/wiki/Joker:_Devil's_Advocate
2162,1727,1,,2001,2001,1,,https://dc.fandomc.com/wiki/Joker:_Last_Laugh_Secret_Files_and_Origins_Vol_1_1
2163,1728,1,,2024,2024,,,https://dc.fandomc.com/wiki/Joker:_The_World
2164,1729,1,,2019,2019,1,,https://dc.fandomc.com/wiki/The_Joker:_Year_of_the_Villain_Vol_1_1
2165,1730,1,,2010,2010,,,https://dc.fandomc.com/wiki/Jonah_Hex:_No_Way_Back
2166,1731,1,,2010,2010,1,,https://dc.fandomc.com/wiki/JSA_80-Page_Giant_2010_Vol_1_1
2167,1732,1,,2011,2011,1,,https://dc.fandomc.com/wiki/JSA_80-Page_Giant_2011_Vol_1_1
2168,1733,1,,2001,2001,1,,https://dc.fandomc.com/wiki/JSA:_Our_Worlds_at_War_Vol_1_1
2169,1734,1,,2012,2012,,,https://dc.fandomc.com/wiki/The_Judas_Coin
2170,1735,1,,2002,2002,1,,https://dc.fandomc.com/wiki/Just_Imagine:_Aquaman_Vol_1_1
2171,1736,1,,2001,2001,1,,https://dc.fandomc.com/wiki/Just_Imagine:_Batman_Vol_1_1
2172,1737,1,,2002,2002,1,,https://dc.fandomc.com/wiki/Just_Imagine:_Catwoman_Vol_1_1
2173,1738,1,,2002,2002,1,,https://dc.fandomc.com/wiki/Just_Imagine:_Crisis_Vol_1_1
2174,1739,1,,2002,2002,1,,https://dc.fandomc.com/wiki/Just_Imagine:_Flash_Vol_1_1
2175,1740,1,,2002,2002,1,,https://dc.fandomc.com/wiki/Just_Imagine:_Green_Lantern_Vol_1_1
2176,1741,1,,2002,2002,1,,https://dc.fandomc.com/wiki/Just_Imagine:_JLA_Vol_1_1
2177,1742,1,,2002,2002,1,,https://dc.fandomc.com/wiki/Just_Imagine:_Robin_Vol_1_1
2178,1743,1,,2002,2002,1,,https://dc.fandomc.com/wiki/Just_Imagine:_Sandman_Vol_1_1
2179,1744,1,,2002,2002,1,,https://dc.fandomc.com/wiki/Just_Imagine:_Secret_Files_and_Origins_Vol_1_1
2180,1745,1,,2002,2002,1,,https://dc.fandomc.com/wiki/Just_Imagine_Secret_Files_and_Origins_Vol_1_1
2181,1746,1,,2001,2001,1,,https://dc.fandomc.com/wiki/Just_Imagine:_Superman_Vol_1_1
2182,1747,1,,2002,2002,1,,https://dc.fandomc.com/wiki/Just_Imagine:_Wonder_Woman_Vol_1_1
2183,1748,1,,1993,1993,,,https://dc.fandomc.com/wiki/Justice_League_America_vs._Amazo
2184,1749,1,,1999,1999,1,,https://dc.fandomc.com/wiki/Justice_League_of_America_Super_Spectacular_Vol_1_1
2185,1750,1,,2007,2007,1,,https://dc.fandomc.com/wiki/Justice_League_of_America_Wedding_Special_Vol_1_1
2186,1751,1,,1992,1992,1,,https://dc.fandomc.com/wiki/Justice_League_Spectacular_Vol_1_1
2187,1752,1,,2018,2018,1,,https://dc.fandomc.com/wiki/Justice_League/Aquaman:_Drowned_Earth_Vol_1_1
2188,1753,1,,2015,2015,1,,https://dc.fandomc.com/wiki/Justice_League:_Gods_and_Monsters_-_Batman_Vol_1_1
2189,1754,1,,2015,2015,1,,https://dc.fandomc.com/wiki/Justice_League:_Gods_and_Monsters_-_Superman_Vol_1_1
2190,1755,1,,2015,2015,1,,https://dc.fandomc.com/wiki/Justice_League:_Gods_and_Monsters_-_Wonder_Woman_Vol_1_1
2191,1756,1,,2010,2010,1,,https://dc.fandomc.com/wiki/Justice_League:_Rise_and_Fall_Special_Vol_1_1
2192,1757,1,,2022,2022,1,,https://dc.fandomc.com/wiki/Justice_League:_Road_to_Dark_Crisis_Vol_1_1
2193,1758,1,,2008,2008,1,,https://dc.fandomc.com/wiki/Justice_League:_The_New_Frontier_Special_Vol_1_1
2194,1759,1,,1997,1997,,,https://dc.fandomc.com/wiki/Justice_Riders_(graphic_novel)
2195,1760,1,,2010,2010,1,,https://dc.fandomc.com/wiki/Justice_Society_of_America_80-Page_Giant_Vol_1_1
2196,1761,1,,2009,2009,1,,https://dc.fandomc.com/wiki/Justice_Society_of_America_Kingdom_Come_Special_Magog_Vol_1_1
2197,1762,1,,2009,2009,1,,https://dc.fandomc.com/wiki/Justice_Society_of_America_Kingdom_Come_Special_Superman_Vol_1_1
2198,1763,1,,2009,2009,1,,https://dc.fandomc.com/wiki/Justice_Society_of_America_Kingdom_Come_Special:_The_Kingdom_Vol_1_1
2199,1764,1,,2017,2017,1,,https://dc.fandomc.com/wiki/The_Kamandi_Challenge_Special_Vol_1_1
2200,1765,1,,2023,2023,1,,https://dc.fandomc.com/wiki/Knight_Terrors:_First_Blood_Vol_1_1
2201,1766,1,,2023,2023,1,,https://dc.fandomc.com/wiki/Knight_Terrors:_Night's_End_Vol_1_1
2202,1767,1,,2019,2019,1,,https://dc.fandomc.com/wiki/Krypton:_Tales_From_the_Phantom_Zone_Vol_1_1
2203,1768,1,,1986,1986,1,,https://dc.fandomc.com/wiki/Last_Days_of_the_Justice_Society_Special_Vol_1_1
2204,1769,1,,1989,1989,1,,https://dc.fandomc.com/wiki/The_Legend_of_Aquaman_Vol_1_1
2205,1770,1,,2020,2020,1,,https://dc.fandomc.com/wiki/Legend_of_the_Swamp_Thing:_Halloween_Spectacular_Vol_1_1
2206,1771,1,,1999,1999,,,https://dc.fandomc.com/wiki/Legends_of_the_DC_Universe:_Crisis_on_Infinite_Earths
2207,1772,1,,1985,1985,1,,https://dc.fandomc.com/wiki/Legion_of_Substitute_Heroes_Special_Vol_1_1
2208,1773,1,,2011,2011,1,,https://dc.fandomc.com/wiki/Legion_of_Super-Villains_Vol_1_1
2209,1774,1,,2004,2004,1,,https://dc.fandomc.com/wiki/The_Legion_Secret_Files_Vol_1_3003
2210,1775,1,,2020,2020,1,,https://dc.fandomc.com/wiki/Leviathan_Dawn_Vol_1_1
2211,1776,1,,1989,1989,1,,https://dc.fandomc.com/wiki/Lex_Luthor:_The_Unauthorized_Biography_Vol_1_1
2212,1777,1,,2019,2019,1,,https://dc.fandomc.com/wiki/Lex_Luthor:_Year_of_the_Villain_Vol_1_1
2213,1778,1,,1997,1997,,,https://dc.fandomc.com/wiki/The_Life_Story_of_the_Flash
2214,1779,1,,2024,2024,1,,https://dc.fandomc.com/wiki/Lobo_Cancellation_Special_Vol_1_1
2215,1780,1,,1993,1993,1,,https://dc.fandomc.com/wiki/Lobo_Convention_Special_Vol_1_1
2216,1781,1,,1996,1996,1,,https://dc.fandomc.com/wiki/Lobo_Goes_to_Hollywood_Vol_1_1
2217,1782,1,,1992,1992,1,,https://dc.fandomc.com/wiki/Lobo_Paramilitary_Christmas_Special_Vol_1_1
2218,1783,1,,1995,1995,,,https://dc.fandomc.com/wiki/Lobo/Deadman:_The_Brave_and_the_Bald
2219,1784,1,,1996,1996,1,,https://dc.fandomc.com/wiki/Lobo/Demon_-_Hellowe'en_Vol_1_1
2220,1785,1,,1992,1992,1,,https://dc.fandomc.com/wiki/Lobo:_Blazing_Chain_of_Love_Vol_1_1
2221,1786,1,,1995,1995,,,https://dc.fandomc.com/wiki/Lobo:_Bounty_Hunting_for_Fun_and_Profit
2222,1787,1,,1997,1997,1,,https://dc.fandomc.com/wiki/Lobo:_Chained_Vol_1_1
2223,1788,1,,1997,1997,,,https://dc.fandomc.com/wiki/Lobo:_Fragtastic_Voyage
2224,1789,1,,1995,1995,1,,https://dc.fandomc.com/wiki/Lobo:_I_Quit_Vol_1_1
2225,1790,1,,1994,1994,1,,https://dc.fandomc.com/wiki/Lobo:_In_the_Chair_Vol_1_1
2226,1791,1,,1993,1993,1,,https://dc.fandomc.com/wiki/Lobo:_Portrait_of_a_Victim_Vol_1_1
2227,1792,1,,1994,1994,1,,https://dc.fandomc.com/wiki/Lobocop_Vol_1_1
2228,1793,1,,1995,1995,,,https://dc.fandomc.com/wiki/Lobo's_Big_Babe_Spring_Break_Special
2229,1794,1,,1987,1987,1,,https://dc.fandomc.com/wiki/Lords_of_the_Ultra-Realm_Special_Vol_1_1
2230,1795,1,,1985,1985,1,,https://dc.fandomc.com/wiki/Losers_Special_Vol_1_1
2231,1796,1,,2020,2020,,,https://dc.fandomc.com/wiki/The_Lost_Carnival:_A_Dick_Grayson_Graphic_Novel
2232,1797,1,,2019,2019,1,,https://dc.fandomc.com/wiki/Man_and_Superman_100-Page_Super_Spectacular_Vol_1_1
2233,1798,1,,1984,1984,1,,https://dc.fandomc.com/wiki/Manhunter_Special_Vol_1_1
2234,1798,2,,2017,2017,2,,https://dc.fandomc.com/wiki/Manhunter_Special_Vol_2_1
2235,1799,1,,2000,2000,,,https://dc.fandomc.com/wiki/Mann_and_Superman
2236,1800,1,,1996,1996,1,,https://dc.fandomc.com/wiki/Martian_Manhunter_Special_Vol_1_1
2237,1801,1,,2019,2019,,,https://dc.fandomc.com/wiki/Mera:_Tidebreaker
2238,1802,1,,2010,2010,1,,https://dc.fandomc.com/wiki/Mighty_Crusaders_Special_Vol_1_1
2239,1803,1,,2004,2004,,,https://dc.fandomc.com/wiki/Mighty_Love
2240,1804,1,,2018,2018,1,,https://dc.fandomc.com/wiki/Mother_Panic/Batman_Special_Vol_1_1
2241,1805,1,,1968,1968,1,,https://dc.fandomc.com/wiki/Mysterious_Suspense_Vol_1_1
2242,1806,1,,2012,2012,1,,https://dc.fandomc.com/wiki/The_New_52:_FCBD_Special_Edition_Vol_1_1
2243,1807,1,,2017,2017,1,,https://dc.fandomc.com/wiki/The_New_Gods_Special_Vol_1_1
2244,1808,1,,2023,2023,1,,https://dc.fandomc.com/wiki/The_New_Golden_Age_Vol_1_1
2245,1809,1,,2011,2011,,,https://dc.fandomc.com/wiki/The_New_Teen_Titans:_Games
2246,1810,1,,2017,2017,1,,https://dc.fandomc.com/wiki/The_Newsboy_Legion_and_the_Boy_Commandos_Special_Vol_1_1
2247,1811,1,,1993,1993,1,,https://dc.fandomc.com/wiki/Newstime:_The_Life_and_Death_of_the_Man_of_Steel_Vol_1_1
2248,1812,1,,2011,2011,1,,https://dc.fandomc.com/wiki/Nightmaster:_Monsters_of_Rock_Vol_1_1
2249,1813,1,,2000,2000,1,,https://dc.fandomc.com/wiki/Nightwing_80-Page_Giant_Vol_1_1
2250,1814,1,,1999,1999,1,,https://dc.fandomc.com/wiki/Nightwing_Secret_Files_and_Origins_Vol_1_1
2251,1815,1,,1995,1995,1,,https://dc.fandomc.com/wiki/Nightwing:_Alfred's_Return_Vol_1_1
2252,1816,1,,2001,2001,1,,https://dc.fandomc.com/wiki/Nightwing:_Our_Worlds_at_War_Vol_1_1
2253,1817,1,,2001,2001,1,,https://dc.fandomc.com/wiki/Nightwing:_Target_Vol_1_1
2254,1818,1,,2009,2009,1,,https://dc.fandomc.com/wiki/Nobody_Vol_1_1
2255,1819,1,,2023,2023,1,,https://dc.fandomc.com/wiki/Nubia_&_The_Justice_League_Special_Vol_1_1
2256,1820,1,,2022,2022,1,,https://dc.fandomc.com/wiki/Nubia:_Coronation_Special_Vol_1_1
2257,1821,1,,2020,2020,1,,https://dc.fandomc.com/wiki/Ocean_Master:_Year_of_the_Villain_Vol_1_1
2258,1822,1,,2022,2022,1,,https://dc.fandomc.com/wiki/Olympus:_Rebirth_Vol_1_1
2259,1823,1,,2020,2020,,,https://dc.fandomc.com/wiki/The_Oracle_Code
2260,1824,1,,2020,2020,1,,https://dc.fandomc.com/wiki/Our_Fighting_Forces_Giant_Vol_1_1
2261,1825,1,,1987,1987,1,,https://dc.fandomc.com/wiki/Outsiders_Special_Vol_1_1
2262,1826,1,,1996,1996,1,,https://dc.fandomc.com/wiki/Parallax:_Emerald_Night_Vol_1_1
2263,1827,1,,2024,2024,1,,https://dc.fandomc.com/wiki/The_Penguin_Special_Vol_1_1
2264,1828,1,,2024,2024,1,,https://dc.fandomc.com/wiki/Poison_Ivy/Swamp_Thing:_Feral_Trees_Vol_1_1
2265,1829,1,,2002,2002,1,,https://dc.fandomc.com/wiki/The_Power_Company:_Bork_Vol_1_1
2266,1830,1,,2002,2002,1,,https://dc.fandomc.com/wiki/The_Power_Company:_Josiah_Power_Vol_1_1
2267,1831,1,,2002,2002,1,,https://dc.fandomc.com/wiki/The_Power_Company:_Manhunter_Vol_1_1
2268,1832,1,,2025,2025,1,,https://dc.fandomc.com/wiki/The_Power_Company:_Recharged_Vol_1_1
2269,1833,1,,2002,2002,1,,https://dc.fandomc.com/wiki/The_Power_Company:_Sapphire_Vol_1_1
2270,1834,1,,2002,2002,1,,https://dc.fandomc.com/wiki/The_Power_Company:_Skyrocket_Vol_1_1
2271,1835,1,,2002,2002,1,,https://dc.fandomc.com/wiki/The_Power_Company:_Striker_Z_Vol_1_1
2272,1836,1,,2002,2002,1,,https://dc.fandomc.com/wiki/The_Power_Company:_Witchfire_Vol_1_1
2273,1837,1,,2023,2023,1,,https://dc.fandomc.com/wiki/Power_Girl_Special_Vol_1_1
2274,1838,1,,1994,1994,,,https://dc.fandomc.com/wiki/The_Power_of_Shazam!_(graphic_novel)
2275,1839,1,,2005,2005,1,,https://dc.fandomc.com/wiki/Prelude_to_Infinite_Crisis_Vol_1_1
2276,1840,1,,2001,2001,1,,https://dc.fandomc.com/wiki/President_Luthor_Secret_Files_and_Origins_Vol_1_1
2277,1841,1,,2021,2021,1,,https://dc.fandomc.com/wiki/Punchline_Vol_1_1
2278,1842,1,,1997,1997,1,,https://dc.fandomc.com/wiki/The_Question_Returns_Vol_1_1
2279,1843,1,,2010,2010,1,,https://dc.fandomc.com/wiki/Ragman:_Suit_of_Souls_Vol_1_1
2280,1844,1,,2000,2000,,,https://dc.fandomc.com/wiki/Realworlds:_Batman
2281,1845,1,,2000,2000,,,https://dc.fandomc.com/wiki/Realworlds:_Justice_League_of_America
2282,1846,1,,2000,2000,,,https://dc.fandomc.com/wiki/Realworlds:_Superman
2283,1847,1,,2000,2000,,,https://dc.fandomc.com/wiki/Realworlds:_Wonder_Woman
2284,1848,1,,2023,2023,1,,https://dc.fandomc.com/wiki/The_Return_of_Superman_30th_Anniversary_Special_Vol_1_1
2285,1849,1,,2019,2019,1,,https://dc.fandomc.com/wiki/The_Riddler:_Year_of_the_Villain_Vol_1_1
2286,1850,4,,2000,2000,4,,https://dc.fandomc.com/wiki/Robin_80-Page_Giant_Vol_4_1
2287,1851,1,,2020,2020,1,,https://dc.fandomc.com/wiki/Robin_80th_Anniversary_100-Page_Super_Spectacular_Vol_1_1
2288,1852,1,,2015,2015,1,,https://dc.fandomc.com/wiki/Robin_Rises:_Alpha_Vol_1_1
2289,1853,1,,2014,2014,1,,https://dc.fandomc.com/wiki/Robin_Rises:_Omega_Vol_1_1
2290,1854,1,,1998,1998,1,,https://dc.fandomc.com/wiki/Robin/Argent:_Double_Shot_Vol_1_1
2291,1855,1,,2008,2008,1,,https://dc.fandomc.com/wiki/Robin/Spoiler_Special_Vol_1_1
2292,1856,2,,2017,2017,2,,https://dc.fandomc.com/wiki/The_Sandman:_Special_Edition_Vol_2_1
2293,1857,1,,1998,1998,1,,https://dc.fandomc.com/wiki/Secret_Origins_80-Page_Giant_Vol_1_1
2294,1858,1,,1999,1999,1,,https://dc.fandomc.com/wiki/Secret_Origins_of_Super-Villains_80-Page_Giant_Vol_1_1
2295,1859,1,,1990,1990,,,https://dc.fandomc.com/wiki/Secret_Origins_of_the_World's_Greatest_Super-Heroes
2296,1860,1,,2022,2022,1,,https://dc.fandomc.com/wiki/Sensational_Wonder_Woman_Special_Vol_1_1
2297,1861,1,,2003,2003,,,https://dc.fandomc.com/wiki/Sgt._Rock:_Between_Hell_and_a_Hard_Place
2298,1862,1,,2018,2018,1,,"https://dc.fandomc.com/wiki/Shade,_the_Changing_Girl/Wonder_Woman_Special_Vol_1_1"
2299,1863,1,,2022,2022,1,,https://dc.fandomc.com/wiki/Shadow_War_Zone_Vol_1_1
2300,1864,1,,2022,2022,1,,https://dc.fandomc.com/wiki/Shadow_War:_Alpha_Vol_1_1
2301,1865,1,,2022,2022,1,,https://dc.fandomc.com/wiki/Shadow_War:_Omega_Vol_1_1
2302,1866,1,,1995,1995,1,,https://dc.fandomc.com/wiki/Shadowdragon_Annual_Vol_1_1
2303,1867,1,,2000,2000,,,https://dc.fandomc.com/wiki/Shazam!:_Power_of_Hope
2304,1868,1,,2000,2000,1,,https://dc.fandomc.com/wiki/Silver_Age_80-Page_Giant_Vol_1_1
2305,1869,1,,2000,2000,1,,https://dc.fandomc.com/wiki/Silver_Age_Secret_Files_and_Origins_Vol_1_1
2306,1870,1,,2000,2000,1,,https://dc.fandomc.com/wiki/Silver_Age:_Challengers_of_the_Unknown_Vol_1_1
2307,1871,1,,2000,2000,1,,https://dc.fandomc.com/wiki/Silver_Age:_Dial_H_for_Hero_Vol_1_1
2308,1872,1,,2000,2000,1,,https://dc.fandomc.com/wiki/Silver_Age:_Doom_Patrol_Vol_1_1
2309,1873,1,,2000,2000,1,,https://dc.fandomc.com/wiki/Silver_Age:_Green_Lantern_Vol_1_1
2310,1874,1,,2000,2000,1,,https://dc.fandomc.com/wiki/Silver_Age:_Justice_League_of_America_Vol_1_1
2311,1875,1,,2000,2000,1,,https://dc.fandomc.com/wiki/Silver_Age:_Showcase_Vol_1_1
2312,1876,1,,2000,2000,1,,https://dc.fandomc.com/wiki/Silver_Age:_Teen_Titans_Vol_1_1
2313,1877,1,,2000,2000,1,,https://dc.fandomc.com/wiki/Silver_Age:_The_Flash_Vol_1_1
2314,1878,1,,2019,2019,1,,https://dc.fandomc.com/wiki/Sinestro:_Year_of_the_Villain_Vol_1_1
2315,1879,1,,2000,2000,1,,https://dc.fandomc.com/wiki/Sins_of_Youth:_Aquaboy_and_Lagoon_Man_Vol_1_1
2316,1880,1,,2000,2000,1,,https://dc.fandomc.com/wiki/Sins_of_Youth:_Batboy_and_Robin_Vol_1_1
2317,1881,1,,2000,2000,1,,"https://dc.fandomc.com/wiki/Sins_of_Youth:_JLA,_Jr._Vol_1_1"
2318,1882,1,,2000,2000,1,,https://dc.fandomc.com/wiki/Sins_of_Youth:_Kid_Flash_and_Impulse_Vol_1_1
2319,1883,1,,2000,2000,1,,https://dc.fandomc.com/wiki/Sins_of_Youth:_Secret_and_Deadboy_Vol_1_1
2320,1884,1,,2000,2000,1,,"https://dc.fandomc.com/wiki/Sins_of_Youth:_Starwoman_and_the_JSA,_Jr._Vol_1_1"
2321,1885,1,,2000,2000,1,,"https://dc.fandomc.com/wiki/Sins_of_Youth:_Superman,_Jr._and_Superboy,_Sr._Vol_1_1"
2322,1886,1,,2000,2000,1,,https://dc.fandomc.com/wiki/Sins_of_Youth:_Wonder_Girls_Vol_1_1
2323,1887,1,,1999,1999,,,https://dc.fandomc.com/wiki/Son_of_Superman
2324,1888,1,,2021,2021,1,,https://dc.fandomc.com/wiki/Stargirl_Spring_Break_Special_Vol_1_1
2325,1889,1,,1999,1999,1,,https://dc.fandomc.com/wiki/Starman_80-Page_Giant_Vol_1_1
2326,1890,1,,1998,1998,1,,https://dc.fandomc.com/wiki/Starman_Secret_Files_and_Origins_Vol_1_1
2327,1891,1,,2011,2011,1,,https://dc.fandomc.com/wiki/Starman/Congorilla_Vol_1_1
2328,1892,1,,1998,1998,1,,https://dc.fandomc.com/wiki/Starman:_The_Mist_Vol_1_1
2329,1893,1,,2011,2011,1,,https://dc.fandomc.com/wiki/Static_Shock_Special_Vol_1_1
2330,1894,1,,2024,2024,,,https://dc.fandomc.com/wiki/The_Strange_Case_of_Harleen_and_Harley
2331,1895,1,,2022,2022,1,,https://dc.fandomc.com/wiki/Strange_Love_Adventures_Vol_1_1
2332,1896,1,,2021,2021,1,,https://dc.fandomc.com/wiki/Suicide_Squad_Special_Edition_(FCBD)_Vol_1_1
2333,1897,1,,2014,2014,1,,https://dc.fandomc.com/wiki/Suicide_Squad:_Amanda_Waller_Vol_1_1
2334,1898,1,,2016,2016,1,,https://dc.fandomc.com/wiki/Suicide_Squad:_War_Crimes_Special_Vol_1_1
2335,1899,1,,2025,2025,1,,https://dc.fandomc.com/wiki/Summer_of_Superman_Special_Vol_1_1
2336,1900,1,,1980,1980,,,https://dc.fandomc.com/wiki/Super_Heroes:_The_Secret_of_the_Sinister_Lighthouse!
2337,1901,1,,1998,1998,1,,https://dc.fandomc.com/wiki/Superboy/Risk:_Double_Shot_Vol_1_1
2338,1902,1,,1993,1993,1,,https://dc.fandomc.com/wiki/Supergirl_and_Team_Luthor_Vol_1_1
2339,1903,1,,2023,2023,1,,https://dc.fandomc.com/wiki/Supergirl_Special_Vol_1_1
2340,1904,1,,1998,1998,1,,https://dc.fandomc.com/wiki/Supergirl/Prysm:_Double_Shot_Vol_1_1
2341,1905,1,,2001,2001,,,https://dc.fandomc.com/wiki/Supergirl:_Wings
2342,1906,2,,2023,2023,2,,https://dc.fandomc.com/wiki/Superman_-_30th_Anniversary_Special_Edition_Vol_2_75
2343,1907,1,,1995,1995,,,https://dc.fandomc.com/wiki/Superman_&_Batman:_Doom_Link
2344,1908,1,,2022,2022,1,,https://dc.fandomc.com/wiki/Superman_&_Robin_Special_Vol_1_1
2345,1909,1,,1998,1998,1,,https://dc.fandomc.com/wiki/Superman_3-D_Vol_1_1
2346,1910,1,,2011,2011,1,,https://dc.fandomc.com/wiki/Superman_80-Page_Giant_2011_Vol_1_1
2347,1911,1,,2011,2011,1,,https://dc.fandomc.com/wiki/Superman_Beyond_Vol_1_0
2348,1912,1,,1991,1991,1,,https://dc.fandomc.com/wiki/Superman_For_Earth_Vol_1_1
2349,1913,1,,1998,1998,1,,https://dc.fandomc.com/wiki/Superman_Forever_Vol_1_1
2350,1914,1,,1980,1980,,,https://dc.fandomc.com/wiki/Superman_in_The_Computer_Masters_of_Metropolis
2351,1915,1,,1982,1982,,,https://dc.fandomc.com/wiki/Superman_in_The_Computers_That_Saved_Metropolis
2352,1916,1,,1981,1981,,,https://dc.fandomc.com/wiki/Superman_in_Victory_by_Computer
2353,1917,1,,1999,1999,,,https://dc.fandomc.com/wiki/The_Superman_Monster
2354,1918,1,,1998,1998,1,,https://dc.fandomc.com/wiki/Superman_Red/Superman_Blue_Vol_1_1
2355,1919,2,,1992,1992,2,,https://dc.fandomc.com/wiki/Superman_Special_Vol_2_1
2356,1919,3,,2018,2018,3,,https://dc.fandomc.com/wiki/Superman_Special_Vol_3_1
2357,1920,1,,2003,2003,1,,https://dc.fandomc.com/wiki/Superman_Versus_Darkseid:_Apokolips_Now_Vol_1_1
2358,1921,1,,1998,1998,1,,https://dc.fandomc.com/wiki/Superman_Villains_Secret_Files_and_Origins_Vol_1_1
2359,1922,1,,1993,1993,,,https://dc.fandomc.com/wiki/Superman_vs._Metallo
2360,1923,1,,1999,1999,,,"https://dc.fandomc.com/wiki/Superman,_Inc."
2361,1924,1,,2003,2003,,,https://dc.fandomc.com/wiki/Superman/Batman_Secret_Files_&_Origins_2003
2362,1925,1,,1996,1996,1,,https://dc.fandomc.com/wiki/Superman/Toyman_Vol_1_1
2363,1926,1,,1999,1999,,,https://dc.fandomc.com/wiki/Superman:_A_Nation_Divided
2364,1927,1,,1995,1995,,,https://dc.fandomc.com/wiki/Superman:_At_Earth's_End
2365,1928,1,,2003,2003,1,,https://dc.fandomc.com/wiki/Superman:_Blood_of_My_Ancestors_Vol_1_1
2366,1929,1,,1998,1998,,,https://dc.fandomc.com/wiki/Superman:_Distant_Fires
2367,1930,1,,2000,2000,,,https://dc.fandomc.com/wiki/Superman:_End_of_the_Century
2368,1931,1,,2021,2021,1,,https://dc.fandomc.com/wiki/Superman:_Endless_Winter_Special_Vol_1_1
2369,1932,1,,2000,2000,1,,https://dc.fandomc.com/wiki/Superman:_For_the_Animals_Vol_1_1
2370,1933,1,,2020,2020,1,,https://dc.fandomc.com/wiki/Superman:_Heroes_Vol_1_1
2371,1934,1,,2024,2024,1,,https://dc.fandomc.com/wiki/Superman:_House_of_Brainiac_Special_Vol_1_1
2372,1935,1,,2005,2005,,,https://dc.fandomc.com/wiki/Superman:_Infinite_City
2373,1936,1,,1995,1995,,,https://dc.fandomc.com/wiki/Superman:_Kal
2374,1937,1,,2023,2023,1,,https://dc.fandomc.com/wiki/Superman:_Kal-El_Returns_Special_Vol_1_1
2375,1938,1,,1999,1999,1,,https://dc.fandomc.com/wiki/Superman:_King_of_the_World_Vol_1_1
2376,1939,1,,2013,2013,1,,https://dc.fandomc.com/wiki/Superman:_Last_Son_of_Krypton_-_FCBD_Special_Edition_Vol_1_1
2377,1940,1,,2003,2003,,,https://dc.fandomc.com/wiki/Superman:_Last_Stand_on_Krypton
2378,1941,1,,2019,2019,1,,https://dc.fandomc.com/wiki/Superman:_Leviathan_Rising_Special_Vol_1_1
2379,1942,1,,2001,2001,1,,https://dc.fandomc.com/wiki/Superman:_Lex_2000_Vol_1_1
2380,1943,1,,2025,2025,1,,https://dc.fandomc.com/wiki/Superman:_Lex_Luthor_Special_Vol_1_1
2381,1944,1,,2000,2000,1,,https://dc.fandomc.com/wiki/Superman:_Metropolis_Secret_Files_and_Origins_Vol_1_1
2382,1945,1,,2008,2008,1,,https://dc.fandomc.com/wiki/Superman:_New_Krypton_Special_Vol_1_1
2383,1946,1,,2001,2001,1,,https://dc.fandomc.com/wiki/Superman:_Our_Worlds_at_War_Secret_Files_and_Origins_Vol_1_1
2384,1947,1,,1999,1999,1,,https://dc.fandomc.com/wiki/Superman:_Peace_on_Earth_Vol_1_1
2385,1948,1,,1998,1998,1,,https://dc.fandomc.com/wiki/Superman:_Save_the_Planet_Vol_1_1
2386,1949,1,,2009,2009,1,,https://dc.fandomc.com/wiki/Superman:_Secret_Files_2009_Vol_1_1
2387,1950,1,,1993,1993,,,https://dc.fandomc.com/wiki/Superman:_Speeding_Bullets
2388,1951,1,,1980,1980,,,https://dc.fandomc.com/wiki/Superman:_Terra-Man's_Skyway_Robbery
2389,1952,1,,2003,2003,1,,https://dc.fandomc.com/wiki/Superman:_The_10¢_Adventure_Vol_1_1
2390,1953,1,,2003,2003,,,https://dc.fandomc.com/wiki/Superman:_The_Animated_Series_Guide
2391,1954,1,,1988,1988,1,,https://dc.fandomc.com/wiki/Superman:_The_Earth_Stealers_Vol_1_1
2392,1955,1,,1999,1999,,,https://dc.fandomc.com/wiki/Superman:_The_Last_God_of_Krypton
2393,1956,1,,1993,1993,1,,https://dc.fandomc.com/wiki/Superman:_The_Legacy_of_Superman_Vol_1_1
2394,1957,1,,1999,1999,1,,https://dc.fandomc.com/wiki/Superman:_The_Odyssey_Vol_1_1
2395,1958,1,,1996,1996,1,,https://dc.fandomc.com/wiki/Superman:_The_Wedding_Album_Vol_1_1
2396,1959,1,,2004,2004,,,https://dc.fandomc.com/wiki/Superman:_True_Brit
2397,1960,1,,1994,1994,,,https://dc.fandomc.com/wiki/Superman:_Under_a_Yellow_Sun
2398,1961,1,,2020,2020,1,,https://dc.fandomc.com/wiki/Superman:_Villains_Vol_1_1
2399,1962,1,,1999,1999,1,,https://dc.fandomc.com/wiki/Superman:_War_of_the_Worlds_Vol_1_1
2400,1963,1,,2022,2022,1,,https://dc.fandomc.com/wiki/Superman:_Warworld_Apocalypse_Vol_1_1
2401,1964,1,,2001,2001,1,,https://dc.fandomc.com/wiki/Superman:_Where_Is_Thy_Sting?_Vol_1_1
2402,1965,1,,2000,2000,1,,https://dc.fandomc.com/wiki/Superman:_Y2K_Vol_1_1
2403,1966,1,,1940,1940,1,,https://dc.fandomc.com/wiki/Superman's_Christmas_Adventure_Vol_1_1
2404,1966,2,,1944,1944,2,,https://dc.fandomc.com/wiki/Superman's_Christmas_Adventure_Vol_2_1
2405,1967,1,,1997,1997,,,https://dc.fandomc.com/wiki/Superman's_Metropolis
2406,1968,1,,2022,2022,1,,"https://dc.fandomc.com/wiki/Superman's_Pal_Jimmy_Olsen's_Boss,_Perry_White_Vol_1_1"
2407,1969,1,,2024,2024,1,,https://dc.fandomc.com/wiki/Super-Pets_Special:_Bitedentity_Crisis_Vol_1_1
2408,1970,1,,2025,2025,1,,https://dc.fandomc.com/wiki/Superwoman_Special_Vol_1_1
2409,1971,1,,2018,2018,1,,https://dc.fandomc.com/wiki/Swamp_Thing_Halloween_Horror_Giant_Vol_1_1
2410,1972,1,,2018,2018,1,,https://dc.fandomc.com/wiki/Swamp_Thing_Winter_Special_Vol_1_1
2411,1973,1,,1998,1998,,,https://dc.fandomc.com/wiki/Swamp_Thing:_Roots
2412,1974,1,,2022,2022,1,,https://dc.fandomc.com/wiki/Sword_of_Azrael:_Dark_Knight_of_the_Soul_Vol_1_1
2413,1975,1,,2023,2023,1,,https://dc.fandomc.com/wiki/Tales_from_Earth-6:_A_Celebration_of_Stan_Lee_Vol_1_1
2414,1976,1,,1987,1987,1,,https://dc.fandomc.com/wiki/Talos_of_the_Wilderness_Sea_Vol_1_1
2415,1977,1,,1997,1997,1,,https://dc.fandomc.com/wiki/Tangent_Comics:_Atom_Vol_1_1
2416,1978,1,,1998,1998,1,,https://dc.fandomc.com/wiki/Tangent_Comics:_Batman_Vol_1_1
2417,1979,1,,1997,1997,1,,https://dc.fandomc.com/wiki/Tangent_Comics:_Doom_Patrol_Vol_1_1
2418,1980,1,,1997,1997,1,,https://dc.fandomc.com/wiki/Tangent_Comics:_Flash_Vol_1_1
2419,1981,1,,1997,1997,1,,https://dc.fandomc.com/wiki/Tangent_Comics:_Green_Lantern_Vol_1_1
2420,1982,1,,1998,1998,1,,https://dc.fandomc.com/wiki/Tangent_Comics:_JLA_Vol_1_1
2421,1983,1,,1997,1997,1,,https://dc.fandomc.com/wiki/Tangent_Comics:_Joker_Vol_1_1
2422,1984,1,,1997,1997,1,,https://dc.fandomc.com/wiki/Tangent_Comics:_Metal_Men_Vol_1_1
2423,1985,1,,1997,1997,1,,https://dc.fandomc.com/wiki/Tangent_Comics:_Nightwing_Vol_1_1
2424,1986,1,,1998,1998,1,,https://dc.fandomc.com/wiki/Tangent_Comics:_Nightwing:_Night_Force_Vol_1_1
2425,1987,1,,1998,1998,1,,https://dc.fandomc.com/wiki/Tangent_Comics:_Powergirl_Vol_1_1
2426,1988,1,,1997,1997,1,,https://dc.fandomc.com/wiki/Tangent_Comics:_Sea_Devils_Vol_1_1
2427,1989,1,,1997,1997,1,,https://dc.fandomc.com/wiki/Tangent_Comics:_Secret_Six_Vol_1_1
2428,1990,1,,1998,1998,1,,https://dc.fandomc.com/wiki/Tangent_Comics:_Tales_of_the_Green_Lantern_Vol_1_1
2429,1991,1,,1998,1998,1,,https://dc.fandomc.com/wiki/Tangent_Comics:_The_Joker's_Wild_Vol_1_1
2430,1992,1,,1998,1998,1,,https://dc.fandomc.com/wiki/Tangent_Comics:_The_Superman_Vol_1_1
2431,1993,1,,1998,1998,1,,https://dc.fandomc.com/wiki/Tangent_Comics:_The_Trials_of_the_Flash_Vol_1_1
2432,1994,1,,1998,1998,1,,https://dc.fandomc.com/wiki/Tangent_Comics:_Wonder_Woman_Vol_1_1
2433,1995,1,,1998,1998,1,,https://dc.fandomc.com/wiki/Team_Superman_Secret_Files_and_Origins_Vol_1_1
2434,1996,1,,1999,1999,1,,https://dc.fandomc.com/wiki/Team_Superman_Vol_1_1
2435,1997,1,,2008,2008,1,,https://dc.fandomc.com/wiki/Teen_Titans_Lost_Annual_Vol_1_1
2436,1998,1,,2018,2018,1,,https://dc.fandomc.com/wiki/Teen_Titans_Special_Vol_1_1
2437,1999,1,,2004,2004,1,,https://dc.fandomc.com/wiki/Teen_Titans/The_Legion_Special_Vol_1_1
2438,2000,1,,2011,2011,1,,https://dc.fandomc.com/wiki/Teen_Titans:_Cold_Case_Vol_1_1
2439,2001,1,,2021,2021,1,,https://dc.fandomc.com/wiki/Teen_Titans:_Endless_Winter_Special_Vol_1_1
2440,2002,1,,2017,2017,1,,https://dc.fandomc.com/wiki/Teen_Titans:_The_Lazarus_Contract_Special_Vol_1_1
2441,2003,1,,1992,1992,,,"https://dc.fandomc.com/wiki/Tell_Me,_Dark"
2442,2004,1,,1998,1998,1,,https://dc.fandomc.com/wiki/Thrillkiller_'62_Vol_1_1
2443,2005,1,,2022,2022,1,,https://dc.fandomc.com/wiki/Tis_the_Season_to_Be_Freezin'_Vol_1_1
2444,2006,1,,2008,2008,1,,https://dc.fandomc.com/wiki/Titans_East_Special_Vol_1_1
2445,2007,1,,1992,1992,1,,https://dc.fandomc.com/wiki/Titans_Sell-Out_Special_Vol_1_1
2446,2008,1,,2018,2018,1,,https://dc.fandomc.com/wiki/Titans_Special_Vol_1_1
2447,2009,1,,2024,2024,1,,https://dc.fandomc.com/wiki/Titans:_Beast_World_Evolution_Vol_1_1
2448,2010,1,,2024,2024,1,,https://dc.fandomc.com/wiki/Titans:_Beast_World_Tour:_Atlantis_Vol_1_1
2449,2011,1,,2024,2024,1,,https://dc.fandomc.com/wiki/Titans:_Beast_World_Tour:_Central_City_Vol_1_1
2450,2012,1,,2024,2024,1,,https://dc.fandomc.com/wiki/Titans:_Beast_World_Tour:_Gotham_Vol_1_1
2451,2013,1,,2024,2024,1,,https://dc.fandomc.com/wiki/Titans:_Beast_World_Tour:_Metropolis_Vol_1_1
2452,2014,1,,2024,2024,1,,https://dc.fandomc.com/wiki/Titans:_Beast_World_Tour:_Star_City_Vol_1_1
2453,2015,1,,2024,2024,1,,https://dc.fandomc.com/wiki/Titans:_Beast_World:_Waller_Rising_Vol_1_1
2454,2016,1,,1997,1997,,,"https://dc.fandomc.com/wiki/Titans:_Scissors,_Paper,_Stone"
2455,2017,1,,2010,2010,1,,https://dc.fandomc.com/wiki/Titans:_Villains_for_Hire_Special_Vol_1_1
2456,2018,1,,2024,2024,1,,https://dc.fandomc.com/wiki/Trinity_Special_Vol_1_1
2457,2019,1,,2019,2019,,,https://dc.fandomc.com/wiki/Under_the_Moon:_A_Catwoman_Tale
2458,2020,1,,1995,1995,1,,https://dc.fandomc.com/wiki/Underworld_Unleashed:_Abyss_-_Hell's_Sentinel_Vol_1_1
2459,2021,1,,1995,1995,1,,https://dc.fandomc.com/wiki/Underworld_Unleashed:_Apokolips_-_Dark_Uprising_Vol_1_1
2460,2022,1,,1995,1995,1,,https://dc.fandomc.com/wiki/Underworld_Unleashed:_Batman_-_Devil's_Asylum_Vol_1_1
2461,2023,1,,1995,1995,1,,https://dc.fandomc.com/wiki/Underworld_Unleashed:_Patterns_of_Fear_Vol_1_1
2462,2024,1,,2010,2010,1,,https://dc.fandomc.com/wiki/Untold_Tales_of_Blackest_Night_Vol_1_1
2463,2025,1,,1991,1991,,,https://dc.fandomc.com/wiki/Viking_Glory:_The_Viking_Prince
2464,2026,1,,2019,2019,1,,https://dc.fandomc.com/wiki/Villains_Giant_Vol_1_1
2465,2027,1,,1998,1998,1,,https://dc.fandomc.com/wiki/Welcome_Back_to_the_House_of_Mystery_Vol_1_1
2466,2028,1,,1989,1989,1,,https://dc.fandomc.com/wiki/Wild_Dog_Special_Vol_1_1
2467,2029,1,,2021,2021,1,,https://dc.fandomc.com/wiki/Wonder_Woman_80th_Anniversary_100-Page_Super_Spectacular_Vol_1_1
2468,2030,2,,1992,1992,2,,https://dc.fandomc.com/wiki/Wonder_Woman_Special_Vol_2_1
2469,2031,1,,1998,1998,,,https://dc.fandomc.com/wiki/Wonder_Woman:_Amazonia
2470,2032,1,,1998,1998,1,,https://dc.fandomc.com/wiki/Wonder_Woman:_Donna_Troy_Vol_1_1
2471,2033,1,,2001,2001,,,https://dc.fandomc.com/wiki/Wonder_Woman:_Spirit_of_Truth
2472,2034,1,,2021,2021,1,,https://dc.fandomc.com/wiki/Wonder_Woman:_The_Adventures_of_Young_Diana_Special_Vol_1_1
2473,2035,1,,1980,1980,,,https://dc.fandomc.com/wiki/Wonder_Woman:_The_Angle_Menace!
2474,2036,1,,2003,2003,,,https://dc.fandomc.com/wiki/Wonder_Woman:_The_Blue_Amazon
2475,2037,1,,2002,2002,,,https://dc.fandomc.com/wiki/Wonder_Woman:_The_Hiketeia
2476,2038,1,,1998,1998,,,https://dc.fandomc.com/wiki/Wonder_Woman:_The_Once_and_Future_Story
2477,2039,1,,2016,2016,,,https://dc.fandomc.com/wiki/Wonder_Woman:_The_True_Amazon
2478,2040,1,,2019,2019,,,https://dc.fandomc.com/wiki/Wonder_Woman:_Warbringer_(graphic_novel)
2479,2041,1,,1994,1994,1,,https://dc.fandomc.com/wiki/Worlds_Collide_Vol_1_1
2480,2042,1,,2001,2001,1,,https://dc.fandomc.com/wiki/World's_Finest:_Our_Worlds_at_War_Vol_1_1
2481,2043,1,,2020,2020,1,,https://dc.fandomc.com/wiki/World's_Greatest_Super-Heroes_Holiday_Special_Vol_1_1
2482,2044,1,,1999,1999,1,,https://dc.fandomc.com/wiki/Young_Justice_80-Page_Giant_Vol_1_1
2483,2045,1,,1999,1999,1,,https://dc.fandomc.com/wiki/Young_Justice_Secret_Files_and_Origins_Vol_1_1
2484,2046,1,,1999,1999,1,,https://dc.fandomc.com/wiki/Young_Justice_Special_Vol_1_1
2485,2047,1,,2001,2001,1,,https://dc.fandomc.com/wiki/Young_Justice:_Our_Worlds_at_War_Vol_1_1
2486,2048,1,,2000,2000,1,,https://dc.fandomc.com/wiki/Young_Justice:_Sins_of_Youth_Secret_Files_and_Origins_Vol_1_1
2487,2049,1,,1998,1998,1,,https://dc.fandomc.com/wiki/Young_Justice:_The_Secret_Vol_1_1
2488,2050,1,,2018,2018,1,,https://dc.fandomc.com/wiki/Young_Monsters_in_Love_Vol_1_1
2489,2051,1,,2013,2013,1,,https://dc.fandomc.com/wiki/Young_Romance:_A_New_52_Valentine's_Day_Special_Vol_1_1
2490,2052,1,,2020,2020,,,https://dc.fandomc.com/wiki/Zatanna_and_the_House_of_Secrets
2491,2053,1,,1987,1987,1,,https://dc.fandomc.com/wiki/Zatanna_Special_Vol_1_1
2492,2054,1,,2003,2003,,,https://dc.fandomc.com/wiki/Zatanna:_Everyday_Magic
2493,2055,1,,2024,2024,1,,https://dc.fandomc.com/wiki/Zero_Hour:_30th_Anniversary_Special_Vol_1_1
2494,2056,1,,2025,2025,1,,
